LineId,Date,Time,Pid,Level,Component,Content,EventId,EventTemplate,ParameterList
10886754,81111,105224,26877,INFO,dfs.DataNode$DataXceiver,Receiving block blk_8785180105282705781 src: /10.251.89.155:42366 dest: /10.251.89.155:50010,bbb51b95,Receiving block <*> src: /<*> dest: /<*>,"['blk_8785180105282705781', '10.251.89.155:42366', '10.251.89.155:50010']"
10886812,81111,105224,27328,INFO,dfs.DataNode$DataXceiver,Receiving block blk_8785180105282705781 src: /10.251.71.240:33958 dest: /10.251.71.240:50010,bbb51b95,Receiving block <*> src: /<*> dest: /<*>,"['blk_8785180105282705781', '10.251.71.240:33958', '10.251.71.240:50010']"
10886829,81111,105224,27426,INFO,dfs.DataNode$DataXceiver,Receiving block blk_8785180105282705781 src: /10.251.71.240:37588 dest: /10.251.71.240:50010,bbb51b95,Receiving block <*> src: /<*> dest: /<*>,"['blk_8785180105282705781', '10.251.71.240:37588', '10.251.71.240:50010']"
10886853,81111,105224,29,INFO,dfs.FSNamesystem,BLOCK* NameSystem.allocateBlock: /user/root/randtxt9/_temporary/_task_200811101024_0016_m_001997_0/part-01997. blk_8785180105282705781,3d91fa85,BLOCK* NameSystem.allocateBlock: <*> <*>,['/user/root/randtxt9/_temporary/_task_200811101024_0016_m_001997_0/part-01997. blk_8785180105282705781']
10888780,81111,105241,26878,INFO,dfs.DataNode$PacketResponder,PacketResponder 0 for block blk_8785180105282705781 terminating,d38aa58d,PacketResponder <*> for block <*> <*>,"['0', 'blk_8785180105282705781 terminating']"
10888781,81111,105241,26878,INFO,dfs.DataNode$PacketResponder,Received block blk_8785180105282705781 of size 67108864 from /10.251.89.155,46003790,Received block <*> of size <*> from /<*>,"['blk_8785180105282705781', '67108864', '10.251.89.155']"
10888829,81111,105241,27329,INFO,dfs.DataNode$PacketResponder,PacketResponder 1 for block blk_8785180105282705781 terminating,d38aa58d,PacketResponder <*> for block <*> <*>,"['1', 'blk_8785180105282705781 terminating']"
10888830,81111,105241,27329,INFO,dfs.DataNode$PacketResponder,Received block blk_8785180105282705781 of size 67108864 from /10.251.71.240,46003790,Received block <*> of size <*> from /<*>,"['blk_8785180105282705781', '67108864', '10.251.71.240']"
10888833,81111,105241,27427,INFO,dfs.DataNode$PacketResponder,PacketResponder 2 for block blk_8785180105282705781 terminating,d38aa58d,PacketResponder <*> for block <*> <*>,"['2', 'blk_8785180105282705781 terminating']"
10888834,81111,105241,27427,INFO,dfs.DataNode$PacketResponder,Received block blk_8785180105282705781 of size 67108864 from /10.251.71.240,46003790,Received block <*> of size <*> from /<*>,"['blk_8785180105282705781', '67108864', '10.251.71.240']"
10888840,81111,105241,27,INFO,dfs.FSNamesystem,BLOCK* NameSystem.addStoredBlock: blockMap updated: 10.251.71.240:50010 is added to blk_8785180105282705781 size 67108864,5d5de21c,BLOCK* NameSystem.addStoredBlock: blockMap updated: <*> is added to <*> size <*>,"['10.251.71.240:50010', 'blk_8785180105282705781', '67108864']"
10888849,81111,105241,31,INFO,dfs.FSNamesystem,BLOCK* NameSystem.addStoredBlock: blockMap updated: 10.251.197.161:50010 is added to blk_8785180105282705781 size 67108864,5d5de21c,BLOCK* NameSystem.addStoredBlock: blockMap updated: <*> is added to <*> size <*>,"['10.251.197.161:50010', 'blk_8785180105282705781', '67108864']"
10888857,81111,105241,34,INFO,dfs.FSNamesystem,BLOCK* NameSystem.addStoredBlock: blockMap updated: 10.251.89.155:50010 is added to blk_8785180105282705781 size 67108864,5d5de21c,BLOCK* NameSystem.addStoredBlock: blockMap updated: <*> is added to <*> size <*>,"['10.251.89.155:50010', 'blk_8785180105282705781', '67108864']"
10895132,81111,105331,27596,INFO,dfs.DataNode$DataXceiver,Receiving block blk_7605900247967711125 src: /10.250.11.53:56516 dest: /10.250.11.53:50010,bbb51b95,Receiving block <*> src: /<*> dest: /<*>,"['blk_7605900247967711125', '10.250.11.53:56516', '10.250.11.53:50010']"
10895158,81111,105331,33,INFO,dfs.FSNamesystem,BLOCK* NameSystem.allocateBlock: /user/root/randtxt9/_temporary/_task_200811101024_0016_m_001722_0/part-01722. blk_7605900247967711125,3d91fa85,BLOCK* NameSystem.allocateBlock: <*> <*>,['/user/root/randtxt9/_temporary/_task_200811101024_0016_m_001722_0/part-01722. blk_7605900247967711125']
10896435,81111,105341,27274,INFO,dfs.DataNode$DataXceiver,Receiving block blk_7605900247967711125 src: /10.250.11.53:34979 dest: /10.250.11.53:50010,bbb51b95,Receiving block <*> src: /<*> dest: /<*>,"['blk_7605900247967711125', '10.250.11.53:34979', '10.250.11.53:50010']"
10896604,81111,105342,27491,INFO,dfs.DataNode$DataXceiver,Receiving block blk_7605900247967711125 src: /10.251.126.5:56847 dest: /10.251.126.5:50010,bbb51b95,Receiving block <*> src: /<*> dest: /<*>,"['blk_7605900247967711125', '10.251.126.5:56847', '10.251.126.5:50010']"
10897682,81111,105353,26918,INFO,dfs.DataNode$DataXceiver,Receiving block blk_9189873226828368093 src: /10.251.74.192:42597 dest: /10.251.74.192:50010,bbb51b95,Receiving block <*> src: /<*> dest: /<*>,"['blk_9189873226828368093', '10.251.74.192:42597', '10.251.74.192:50010']"
10897706,81111,105353,27087,INFO,dfs.DataNode$DataXceiver,Receiving block blk_9189873226828368093 src: /10.251.74.192:42177 dest: /10.251.74.192:50010,bbb51b95,Receiving block <*> src: /<*> dest: /<*>,"['blk_9189873226828368093', '10.251.74.192:42177', '10.251.74.192:50010']"
10897749,81111,105353,27319,INFO,dfs.DataNode$DataXceiver,Receiving block blk_9189873226828368093 src: /10.251.123.99:37404 dest: /10.251.123.99:50010,bbb51b95,Receiving block <*> src: /<*> dest: /<*>,"['blk_9189873226828368093', '10.251.123.99:37404', '10.251.123.99:50010']"
10897791,81111,105353,32,INFO,dfs.FSNamesystem,BLOCK* NameSystem.allocateBlock: /user/root/randtxt9/_temporary/_task_200811101024_0016_m_001901_0/part-01901. blk_9189873226828368093,3d91fa85,BLOCK* NameSystem.allocateBlock: <*> <*>,['/user/root/randtxt9/_temporary/_task_200811101024_0016_m_001901_0/part-01901. blk_9189873226828368093']
10899229,81111,105405,27145,INFO,dfs.DataNode$DataXceiver,Receiving block blk_-7888947928291510058 src: /10.251.42.191:37872 dest: /10.251.42.191:50010,bbb51b95,Receiving block <*> src: /<*> dest: /<*>,"['blk_-7888947928291510058', '10.251.42.191:37872', '10.251.42.191:50010']"
10899279,81111,105405,32,INFO,dfs.FSNamesystem,BLOCK* NameSystem.allocateBlock: /user/root/randtxt9/_temporary/_task_200811101024_0016_m_001733_0/part-01733. blk_-7888947928291510058,3d91fa85,BLOCK* NameSystem.allocateBlock: <*> <*>,['/user/root/randtxt9/_temporary/_task_200811101024_0016_m_001733_0/part-01733. blk_-7888947928291510058']
10899694,81111,105409,27266,INFO,dfs.DataNode$DataXceiver,Receiving block blk_-7888947928291510058 src: /10.251.110.160:47761 dest: /10.251.110.160:50010,bbb51b95,Receiving block <*> src: /<*> dest: /<*>,"['blk_-7888947928291510058', '10.251.110.160:47761', '10.251.110.160:50010']"
10899704,81111,105409,27287,INFO,dfs.DataNode$DataXceiver,Receiving block blk_-7888947928291510058 src: /10.251.42.191:51726 dest: /10.251.42.191:50010,bbb51b95,Receiving block <*> src: /<*> dest: /<*>,"['blk_-7888947928291510058', '10.251.42.191:51726', '10.251.42.191:50010']"
10901316,81111,105422,27275,INFO,dfs.DataNode$PacketResponder,PacketResponder 1 for block blk_7605900247967711125 terminating,d38aa58d,PacketResponder <*> for block <*> <*>,"['1', 'blk_7605900247967711125 terminating']"
10901317,81111,105422,27275,INFO,dfs.DataNode$PacketResponder,Received block blk_7605900247967711125 of size 67108864 from /10.250.11.53,46003790,Received block <*> of size <*> from /<*>,"['blk_7605900247967711125', '67108864', '10.250.11.53']"
10901334,81111,105422,27494,INFO,dfs.DataNode$PacketResponder,PacketResponder 0 for block blk_7605900247967711125 terminating,d38aa58d,PacketResponder <*> for block <*> <*>,"['0', 'blk_7605900247967711125 terminating']"
10901335,81111,105422,27494,INFO,dfs.DataNode$PacketResponder,Received block blk_7605900247967711125 of size 67108864 from /10.251.126.5,46003790,Received block <*> of size <*> from /<*>,"['blk_7605900247967711125', '67108864', '10.251.126.5']"
10901336,81111,105422,27599,INFO,dfs.DataNode$PacketResponder,PacketResponder 2 for block blk_7605900247967711125 terminating,d38aa58d,PacketResponder <*> for block <*> <*>,"['2', 'blk_7605900247967711125 terminating']"
10901337,81111,105422,27599,INFO,dfs.DataNode$PacketResponder,Received block blk_7605900247967711125 of size 67108864 from /10.250.11.53,46003790,Received block <*> of size <*> from /<*>,"['blk_7605900247967711125', '67108864', '10.250.11.53']"
10901341,81111,105422,27,INFO,dfs.FSNamesystem,BLOCK* NameSystem.addStoredBlock: blockMap updated: 10.251.197.226:50010 is added to blk_7605900247967711125 size 67108864,5d5de21c,BLOCK* NameSystem.addStoredBlock: blockMap updated: <*> is added to <*> size <*>,"['10.251.197.226:50010', 'blk_7605900247967711125', '67108864']"
10901343,81111,105422,28,INFO,dfs.FSNamesystem,BLOCK* NameSystem.addStoredBlock: blockMap updated: 10.250.11.53:50010 is added to blk_7605900247967711125 size 67108864,5d5de21c,BLOCK* NameSystem.addStoredBlock: blockMap updated: <*> is added to <*> size <*>,"['10.250.11.53:50010', 'blk_7605900247967711125', '67108864']"
10901359,81111,105422,31,INFO,dfs.FSNamesystem,BLOCK* NameSystem.addStoredBlock: blockMap updated: 10.251.126.5:50010 is added to blk_7605900247967711125 size 67108864,5d5de21c,BLOCK* NameSystem.addStoredBlock: blockMap updated: <*> is added to <*> size <*>,"['10.251.126.5:50010', 'blk_7605900247967711125', '67108864']"
10902036,81111,105427,26,INFO,dfs.FSNamesystem,BLOCK* NameSystem.addStoredBlock: blockMap updated: 10.250.10.213:50010 is added to blk_-7888947928291510058 size 67108864,5d5de21c,BLOCK* NameSystem.addStoredBlock: blockMap updated: <*> is added to <*> size <*>,"['10.250.10.213:50010', 'blk_-7888947928291510058', '67108864']"
10902037,81111,105427,26,INFO,dfs.FSNamesystem,BLOCK* NameSystem.addStoredBlock: blockMap updated: 10.251.110.160:50010 is added to blk_-7888947928291510058 size 67108864,5d5de21c,BLOCK* NameSystem.addStoredBlock: blockMap updated: <*> is added to <*> size <*>,"['10.251.110.160:50010', 'blk_-7888947928291510058', '67108864']"
10902066,81111,105427,27148,INFO,dfs.DataNode$PacketResponder,PacketResponder 2 for block blk_-7888947928291510058 terminating,d38aa58d,PacketResponder <*> for block <*> <*>,"['2', 'blk_-7888947928291510058 terminating']"
10902067,81111,105427,27148,INFO,dfs.DataNode$PacketResponder,Received block blk_-7888947928291510058 of size 67108864 from /10.251.42.191,46003790,Received block <*> of size <*> from /<*>,"['blk_-7888947928291510058', '67108864', '10.251.42.191']"
10902097,81111,105427,27267,INFO,dfs.DataNode$PacketResponder,PacketResponder 0 for block blk_-7888947928291510058 terminating,d38aa58d,PacketResponder <*> for block <*> <*>,"['0', 'blk_-7888947928291510058 terminating']"
10902098,81111,105427,27267,INFO,dfs.DataNode$PacketResponder,Received block blk_-7888947928291510058 of size 67108864 from /10.251.110.160,46003790,Received block <*> of size <*> from /<*>,"['blk_-7888947928291510058', '67108864', '10.251.110.160']"
10902107,81111,105427,27289,INFO,dfs.DataNode$PacketResponder,PacketResponder 1 for block blk_-7888947928291510058 terminating,d38aa58d,PacketResponder <*> for block <*> <*>,"['1', 'blk_-7888947928291510058 terminating']"
10902108,81111,105427,27289,INFO,dfs.DataNode$PacketResponder,Received block blk_-7888947928291510058 of size 67108864 from /10.251.42.191,46003790,Received block <*> of size <*> from /<*>,"['blk_-7888947928291510058', '67108864', '10.251.42.191']"
10902142,81111,105427,28,INFO,dfs.FSNamesystem,BLOCK* NameSystem.addStoredBlock: blockMap updated: 10.251.42.191:50010 is added to blk_-7888947928291510058 size 67108864,5d5de21c,BLOCK* NameSystem.addStoredBlock: blockMap updated: <*> is added to <*> size <*>,"['10.251.42.191:50010', 'blk_-7888947928291510058', '67108864']"
10902560,81111,105431,26919,INFO,dfs.DataNode$PacketResponder,PacketResponder 1 for block blk_9189873226828368093 terminating,d38aa58d,PacketResponder <*> for block <*> <*>,"['1', 'blk_9189873226828368093 terminating']"
10902561,81111,105431,26919,INFO,dfs.DataNode$PacketResponder,Received block blk_9189873226828368093 of size 67108864 from /10.251.74.192,46003790,Received block <*> of size <*> from /<*>,"['blk_9189873226828368093', '67108864', '10.251.74.192']"
10902576,81111,105431,27088,INFO,dfs.DataNode$PacketResponder,PacketResponder 2 for block blk_9189873226828368093 terminating,d38aa58d,PacketResponder <*> for block <*> <*>,"['2', 'blk_9189873226828368093 terminating']"
10902577,81111,105431,27088,INFO,dfs.DataNode$PacketResponder,Received block blk_9189873226828368093 of size 67108864 from /10.251.74.192,46003790,Received block <*> of size <*> from /<*>,"['blk_9189873226828368093', '67108864', '10.251.74.192']"
10902602,81111,105431,27320,INFO,dfs.DataNode$PacketResponder,PacketResponder 0 for block blk_9189873226828368093 terminating,d38aa58d,PacketResponder <*> for block <*> <*>,"['0', 'blk_9189873226828368093 terminating']"
10902603,81111,105431,27320,INFO,dfs.DataNode$PacketResponder,Received block blk_9189873226828368093 of size 67108864 from /10.251.123.99,46003790,Received block <*> of size <*> from /<*>,"['blk_9189873226828368093', '67108864', '10.251.123.99']"
10902617,81111,105431,27,INFO,dfs.FSNamesystem,BLOCK* NameSystem.addStoredBlock: blockMap updated: 10.251.74.192:50010 is added to blk_9189873226828368093 size 67108864,5d5de21c,BLOCK* NameSystem.addStoredBlock: blockMap updated: <*> is added to <*> size <*>,"['10.251.74.192:50010', 'blk_9189873226828368093', '67108864']"
10902623,81111,105431,29,INFO,dfs.FSNamesystem,BLOCK* NameSystem.addStoredBlock: blockMap updated: 10.251.26.8:50010 is added to blk_9189873226828368093 size 67108864,5d5de21c,BLOCK* NameSystem.addStoredBlock: blockMap updated: <*> is added to <*> size <*>,"['10.251.26.8:50010', 'blk_9189873226828368093', '67108864']"
10902629,81111,105431,32,INFO,dfs.FSNamesystem,BLOCK* NameSystem.addStoredBlock: blockMap updated: 10.251.123.99:50010 is added to blk_9189873226828368093 size 67108864,5d5de21c,BLOCK* NameSystem.addStoredBlock: blockMap updated: <*> is added to <*> size <*>,"['10.251.123.99:50010', 'blk_9189873226828368093', '67108864']"
10909349,81111,105524,27,INFO,dfs.FSNamesystem,BLOCK* NameSystem.allocateBlock: /user/root/randtxt9/_temporary/_task_200811101024_0016_m_001940_0/part-01940. blk_4241158325143616218,3d91fa85,BLOCK* NameSystem.allocateBlock: <*> <*>,['/user/root/randtxt9/_temporary/_task_200811101024_0016_m_001940_0/part-01940. blk_4241158325143616218']
10909457,81111,105525,27335,INFO,dfs.DataNode$DataXceiver,Receiving block blk_4241158325143616218 src: /10.251.67.211:44320 dest: /10.251.67.211:50010,bbb51b95,Receiving block <*> src: /<*> dest: /<*>,"['blk_4241158325143616218', '10.251.67.211:44320', '10.251.67.211:50010']"
10909478,81111,105525,27498,INFO,dfs.DataNode$DataXceiver,Receiving block blk_4241158325143616218 src: /10.251.67.211:56289 dest: /10.251.67.211:50010,bbb51b95,Receiving block <*> src: /<*> dest: /<*>,"['blk_4241158325143616218', '10.251.67.211:56289', '10.251.67.211:50010']"
10909555,81111,105526,27739,INFO,dfs.DataNode$DataXceiver,Receiving block blk_4241158325143616218 src: /10.250.13.240:42199 dest: /10.250.13.240:50010,bbb51b95,Receiving block <*> src: /<*> dest: /<*>,"['blk_4241158325143616218', '10.250.13.240:42199', '10.250.13.240:50010']"
10916446,81111,105619,27740,INFO,dfs.DataNode$PacketResponder,PacketResponder 0 for block blk_4241158325143616218 terminating,d38aa58d,PacketResponder <*> for block <*> <*>,"['0', 'blk_4241158325143616218 terminating']"
10916447,81111,105619,27740,INFO,dfs.DataNode$PacketResponder,Received block blk_4241158325143616218 of size 67108864 from /10.250.13.240,46003790,Received block <*> of size <*> from /<*>,"['blk_4241158325143616218', '67108864', '10.250.13.240']"
10916471,81111,105619,34,INFO,dfs.FSNamesystem,BLOCK* NameSystem.addStoredBlock: blockMap updated: 10.251.198.33:50010 is added to blk_4241158325143616218 size 67108864,5d5de21c,BLOCK* NameSystem.addStoredBlock: blockMap updated: <*> is added to <*> size <*>,"['10.251.198.33:50010', 'blk_4241158325143616218', '67108864']"
10916548,81111,105620,27336,INFO,dfs.DataNode$PacketResponder,PacketResponder 1 for block blk_4241158325143616218 terminating,d38aa58d,PacketResponder <*> for block <*> <*>,"['1', 'blk_4241158325143616218 terminating']"
10916549,81111,105620,27336,INFO,dfs.DataNode$PacketResponder,Received block blk_4241158325143616218 of size 67108864 from /10.251.67.211,46003790,Received block <*> of size <*> from /<*>,"['blk_4241158325143616218', '67108864', '10.251.67.211']"
10916595,81111,105620,35,INFO,dfs.FSNamesystem,BLOCK* NameSystem.addStoredBlock: blockMap updated: 10.250.13.240:50010 is added to blk_4241158325143616218 size 67108864,5d5de21c,BLOCK* NameSystem.addStoredBlock: blockMap updated: <*> is added to <*> size <*>,"['10.250.13.240:50010', 'blk_4241158325143616218', '67108864']"
10916662,81111,105621,27501,INFO,dfs.DataNode$PacketResponder,PacketResponder 2 for block blk_4241158325143616218 terminating,d38aa58d,PacketResponder <*> for block <*> <*>,"['2', 'blk_4241158325143616218 terminating']"
10916663,81111,105621,27501,INFO,dfs.DataNode$PacketResponder,Received block blk_4241158325143616218 of size 67108864 from /10.251.67.211,46003790,Received block <*> of size <*> from /<*>,"['blk_4241158325143616218', '67108864', '10.251.67.211']"
10916702,81111,105621,35,INFO,dfs.FSNamesystem,BLOCK* NameSystem.addStoredBlock: blockMap updated: 10.251.67.211:50010 is added to blk_4241158325143616218 size 67108864,5d5de21c,BLOCK* NameSystem.addStoredBlock: blockMap updated: <*> is added to <*> size <*>,"['10.251.67.211:50010', 'blk_4241158325143616218', '67108864']"
10918132,81111,105631,27332,INFO,dfs.DataNode$DataXceiver,Receiving block blk_-3336598818097526100 src: /10.251.110.160:36379 dest: /10.251.110.160:50010,bbb51b95,Receiving block <*> src: /<*> dest: /<*>,"['blk_-3336598818097526100', '10.251.110.160:36379', '10.251.110.160:50010']"
10918191,81111,105631,33,INFO,dfs.FSNamesystem,BLOCK* NameSystem.allocateBlock: /user/root/randtxt9/_temporary/_task_200811101024_0016_m_001946_0/part-01946. blk_-3336598818097526100,3d91fa85,BLOCK* NameSystem.allocateBlock: <*> <*>,['/user/root/randtxt9/_temporary/_task_200811101024_0016_m_001946_0/part-01946. blk_-3336598818097526100']
10918274,81111,105632,27312,INFO,dfs.DataNode$DataXceiver,Receiving block blk_-3336598818097526100 src: /10.251.110.160:34866 dest: /10.251.110.160:50010,bbb51b95,Receiving block <*> src: /<*> dest: /<*>,"['blk_-3336598818097526100', '10.251.110.160:34866', '10.251.110.160:50010']"
10918429,81111,105633,27511,INFO,dfs.DataNode$DataXceiver,Receiving block blk_-3336598818097526100 src: /10.251.43.115:49451 dest: /10.251.43.115:50010,bbb51b95,Receiving block <*> src: /<*> dest: /<*>,"['blk_-3336598818097526100', '10.251.43.115:49451', '10.251.43.115:50010']"
10926001,81111,105730,26,INFO,dfs.FSNamesystem,BLOCK* NameSystem.addStoredBlock: blockMap updated: 10.251.195.33:50010 is added to blk_-3336598818097526100 size 67108864,5d5de21c,BLOCK* NameSystem.addStoredBlock: blockMap updated: <*> is added to <*> size <*>,"['10.251.195.33:50010', 'blk_-3336598818097526100', '67108864']"
10926054,81111,105730,27313,INFO,dfs.DataNode$PacketResponder,PacketResponder 1 for block blk_-3336598818097526100 terminating,d38aa58d,PacketResponder <*> for block <*> <*>,"['1', 'blk_-3336598818097526100 terminating']"
10926055,81111,105730,27313,INFO,dfs.DataNode$PacketResponder,Received block blk_-3336598818097526100 of size 67108864 from /10.251.110.160,46003790,Received block <*> of size <*> from /<*>,"['blk_-3336598818097526100', '67108864', '10.251.110.160']"
10926062,81111,105730,27335,INFO,dfs.DataNode$PacketResponder,PacketResponder 2 for block blk_-3336598818097526100 terminating,d38aa58d,PacketResponder <*> for block <*> <*>,"['2', 'blk_-3336598818097526100 terminating']"
10926064,81111,105730,27335,INFO,dfs.DataNode$PacketResponder,Received block blk_-3336598818097526100 of size 67108864 from /10.251.110.160,46003790,Received block <*> of size <*> from /<*>,"['blk_-3336598818097526100', '67108864', '10.251.110.160']"
10926084,81111,105730,27512,INFO,dfs.DataNode$PacketResponder,PacketResponder 0 for block blk_-3336598818097526100 terminating,d38aa58d,PacketResponder <*> for block <*> <*>,"['0', 'blk_-3336598818097526100 terminating']"
10926085,81111,105730,27512,INFO,dfs.DataNode$PacketResponder,Received block blk_-3336598818097526100 of size 67108864 from /10.251.43.115,46003790,Received block <*> of size <*> from /<*>,"['blk_-3336598818097526100', '67108864', '10.251.43.115']"
10926120,81111,105730,34,INFO,dfs.FSNamesystem,BLOCK* NameSystem.addStoredBlock: blockMap updated: 10.251.110.160:50010 is added to blk_-3336598818097526100 size 67108864,5d5de21c,BLOCK* NameSystem.addStoredBlock: blockMap updated: <*> is added to <*> size <*>,"['10.251.110.160:50010', 'blk_-3336598818097526100', '67108864']"
10926124,81111,105730,35,INFO,dfs.FSNamesystem,BLOCK* NameSystem.addStoredBlock: blockMap updated: 10.251.43.115:50010 is added to blk_-3336598818097526100 size 67108864,5d5de21c,BLOCK* NameSystem.addStoredBlock: blockMap updated: <*> is added to <*> size <*>,"['10.251.43.115:50010', 'blk_-3336598818097526100', '67108864']"
10927147,81111,105737,27396,INFO,dfs.DataNode$DataXceiver,Receiving block blk_912408673689755627 src: /10.250.7.230:57449 dest: /10.250.7.230:50010,bbb51b95,Receiving block <*> src: /<*> dest: /<*>,"['blk_912408673689755627', '10.250.7.230:57449', '10.250.7.230:50010']"
10927159,81111,105737,27476,INFO,dfs.DataNode$DataXceiver,Receiving block blk_912408673689755627 src: /10.250.7.230:57173 dest: /10.250.7.230:50010,bbb51b95,Receiving block <*> src: /<*> dest: /<*>,"['blk_912408673689755627', '10.250.7.230:57173', '10.250.7.230:50010']"
10927173,81111,105737,28,INFO,dfs.FSNamesystem,BLOCK* NameSystem.allocateBlock: /user/root/randtxt9/_temporary/_task_200811101024_0016_m_001737_1/part-01737. blk_912408673689755627,3d91fa85,BLOCK* NameSystem.allocateBlock: <*> <*>,['/user/root/randtxt9/_temporary/_task_200811101024_0016_m_001737_1/part-01737. blk_912408673689755627']
10927261,81111,105738,27225,INFO,dfs.DataNode$DataXceiver,Receiving block blk_912408673689755627 src: /10.251.31.242:34709 dest: /10.251.31.242:50010,bbb51b95,Receiving block <*> src: /<*> dest: /<*>,"['blk_912408673689755627', '10.251.31.242:34709', '10.251.31.242:50010']"
10927737,81111,105741,27253,INFO,dfs.DataNode$DataXceiver,Receiving block blk_8639448870700317090 src: /10.251.71.16:41022 dest: /10.251.71.16:50010,bbb51b95,Receiving block <*> src: /<*> dest: /<*>,"['blk_8639448870700317090', '10.251.71.16:41022', '10.251.71.16:50010']"
10927746,81111,105741,27285,INFO,dfs.DataNode$DataXceiver,Receiving block blk_8639448870700317090 src: /10.251.90.239:35044 dest: /10.251.90.239:50010,bbb51b95,Receiving block <*> src: /<*> dest: /<*>,"['blk_8639448870700317090', '10.251.90.239:35044', '10.251.90.239:50010']"
10927763,81111,105741,27346,INFO,dfs.DataNode$DataXceiver,Receiving block blk_8639448870700317090 src: /10.251.90.239:40990 dest: /10.251.90.239:50010,bbb51b95,Receiving block <*> src: /<*> dest: /<*>,"['blk_8639448870700317090', '10.251.90.239:40990', '10.251.90.239:50010']"
10927802,81111,105741,28,INFO,dfs.FSNamesystem,BLOCK* NameSystem.allocateBlock: /user/root/randtxt9/_temporary/_task_200811101024_0016_m_001838_1/part-01838. blk_8639448870700317090,3d91fa85,BLOCK* NameSystem.allocateBlock: <*> <*>,['/user/root/randtxt9/_temporary/_task_200811101024_0016_m_001838_1/part-01838. blk_8639448870700317090']
10930196,81111,105757,27170,INFO,dfs.DataNode$DataXceiver,Receiving block blk_-3933045066033346705 src: /10.251.65.203:38968 dest: /10.251.65.203:50010,bbb51b95,Receiving block <*> src: /<*> dest: /<*>,"['blk_-3933045066033346705', '10.251.65.203:38968', '10.251.65.203:50010']"
10930297,81111,105757,34,INFO,dfs.FSNamesystem,BLOCK* NameSystem.allocateBlock: /user/root/randtxt9/_temporary/_task_200811101024_0016_m_001653_0/part-01653. blk_-3933045066033346705,3d91fa85,BLOCK* NameSystem.allocateBlock: <*> <*>,['/user/root/randtxt9/_temporary/_task_200811101024_0016_m_001653_0/part-01653. blk_-3933045066033346705']
10930327,81111,105758,27215,INFO,dfs.DataNode$DataXceiver,Receiving block blk_-3933045066033346705 src: /10.251.122.65:39461 dest: /10.251.122.65:50010,bbb51b95,Receiving block <*> src: /<*> dest: /<*>,"['blk_-3933045066033346705', '10.251.122.65:39461', '10.251.122.65:50010']"
10930334,81111,105758,27255,INFO,dfs.DataNode$DataXceiver,Receiving block blk_-3933045066033346705 src: /10.251.65.203:34307 dest: /10.251.65.203:50010,bbb51b95,Receiving block <*> src: /<*> dest: /<*>,"['blk_-3933045066033346705', '10.251.65.203:34307', '10.251.65.203:50010']"
10930514,81111,105800,27173,INFO,dfs.DataNode$PacketResponder,PacketResponder 2 for block blk_-3933045066033346705 terminating,d38aa58d,PacketResponder <*> for block <*> <*>,"['2', 'blk_-3933045066033346705 terminating']"
10930515,81111,105800,27173,INFO,dfs.DataNode$PacketResponder,Received block blk_-3933045066033346705 of size 3547297 from /10.251.65.203,46003790,Received block <*> of size <*> from /<*>,"['blk_-3933045066033346705', '3547297', '10.251.65.203']"
10930523,81111,105800,27216,INFO,dfs.DataNode$PacketResponder,PacketResponder 0 for block blk_-3933045066033346705 terminating,d38aa58d,PacketResponder <*> for block <*> <*>,"['0', 'blk_-3933045066033346705 terminating']"
10930524,81111,105800,27216,INFO,dfs.DataNode$PacketResponder,Received block blk_-3933045066033346705 of size 3547297 from /10.251.122.65,46003790,Received block <*> of size <*> from /<*>,"['blk_-3933045066033346705', '3547297', '10.251.122.65']"
10930532,81111,105800,27256,INFO,dfs.DataNode$PacketResponder,PacketResponder 1 for block blk_-3933045066033346705 terminating,d38aa58d,PacketResponder <*> for block <*> <*>,"['1', 'blk_-3933045066033346705 terminating']"
10930533,81111,105800,27256,INFO,dfs.DataNode$PacketResponder,Received block blk_-3933045066033346705 of size 3547297 from /10.251.65.203,46003790,Received block <*> of size <*> from /<*>,"['blk_-3933045066033346705', '3547297', '10.251.65.203']"
10930572,81111,105800,27,INFO,dfs.FSNamesystem,BLOCK* NameSystem.addStoredBlock: blockMap updated: 10.251.65.203:50010 is added to blk_-3933045066033346705 size 3547297,5d5de21c,BLOCK* NameSystem.addStoredBlock: blockMap updated: <*> is added to <*> size <*>,"['10.251.65.203:50010', 'blk_-3933045066033346705', '3547297']"
10930589,81111,105800,33,INFO,dfs.FSNamesystem,BLOCK* NameSystem.addStoredBlock: blockMap updated: 10.251.42.16:50010 is added to blk_-3933045066033346705 size 3547297,5d5de21c,BLOCK* NameSystem.addStoredBlock: blockMap updated: <*> is added to <*> size <*>,"['10.251.42.16:50010', 'blk_-3933045066033346705', '3547297']"
10930601,81111,105800,35,INFO,dfs.FSNamesystem,BLOCK* NameSystem.addStoredBlock: blockMap updated: 10.251.122.65:50010 is added to blk_-3933045066033346705 size 3547297,5d5de21c,BLOCK* NameSystem.addStoredBlock: blockMap updated: <*> is added to <*> size <*>,"['10.251.122.65:50010', 'blk_-3933045066033346705', '3547297']"
10931116,81111,105804,27226,INFO,dfs.DataNode$PacketResponder,PacketResponder 0 for block blk_912408673689755627 terminating,d38aa58d,PacketResponder <*> for block <*> <*>,"['0', 'blk_912408673689755627 terminating']"
10931117,81111,105804,27226,INFO,dfs.DataNode$PacketResponder,Received block blk_912408673689755627 of size 67108864 from /10.251.31.242,46003790,Received block <*> of size <*> from /<*>,"['blk_912408673689755627', '67108864', '10.251.31.242']"
10931146,81111,105804,27397,INFO,dfs.DataNode$PacketResponder,PacketResponder 2 for block blk_912408673689755627 terminating,d38aa58d,PacketResponder <*> for block <*> <*>,"['2', 'blk_912408673689755627 terminating']"
10931147,81111,105804,27397,INFO,dfs.DataNode$PacketResponder,Received block blk_912408673689755627 of size 67108864 from /10.250.7.230,46003790,Received block <*> of size <*> from /<*>,"['blk_912408673689755627', '67108864', '10.250.7.230']"
10931156,81111,105804,27478,INFO,dfs.DataNode$PacketResponder,PacketResponder 1 for block blk_912408673689755627 terminating,d38aa58d,PacketResponder <*> for block <*> <*>,"['1', 'blk_912408673689755627 terminating']"
10931157,81111,105804,27478,INFO,dfs.DataNode$PacketResponder,Received block blk_912408673689755627 of size 67108864 from /10.250.7.230,46003790,Received block <*> of size <*> from /<*>,"['blk_912408673689755627', '67108864', '10.250.7.230']"
10931180,81111,105804,27,INFO,dfs.FSNamesystem,BLOCK* NameSystem.addStoredBlock: blockMap updated: 10.251.31.242:50010 is added to blk_912408673689755627 size 67108864,5d5de21c,BLOCK* NameSystem.addStoredBlock: blockMap updated: <*> is added to <*> size <*>,"['10.251.31.242:50010', 'blk_912408673689755627', '67108864']"
10931193,81111,105804,30,INFO,dfs.FSNamesystem,BLOCK* NameSystem.addStoredBlock: blockMap updated: 10.251.30.134:50010 is added to blk_912408673689755627 size 67108864,5d5de21c,BLOCK* NameSystem.addStoredBlock: blockMap updated: <*> is added to <*> size <*>,"['10.251.30.134:50010', 'blk_912408673689755627', '67108864']"
10931202,81111,105804,33,INFO,dfs.FSNamesystem,BLOCK* NameSystem.addStoredBlock: blockMap updated: 10.250.7.230:50010 is added to blk_912408673689755627 size 67108864,5d5de21c,BLOCK* NameSystem.addStoredBlock: blockMap updated: <*> is added to <*> size <*>,"['10.250.7.230:50010', 'blk_912408673689755627', '67108864']"
10931288,81111,105806,27010,INFO,dfs.DataNode$DataXceiver,Receiving block blk_5490487871975956217 src: /10.251.70.112:55634 dest: /10.251.70.112:50010,bbb51b95,Receiving block <*> src: /<*> dest: /<*>,"['blk_5490487871975956217', '10.251.70.112:55634', '10.251.70.112:50010']"
10931300,81111,105806,27272,INFO,dfs.DataNode$DataXceiver,Receiving block blk_5490487871975956217 src: /10.251.203.149:60820 dest: /10.251.203.149:50010,bbb51b95,Receiving block <*> src: /<*> dest: /<*>,"['blk_5490487871975956217', '10.251.203.149:60820', '10.251.203.149:50010']"
10931315,81111,105806,27356,INFO,dfs.DataNode$DataXceiver,Receiving block blk_5490487871975956217 src: /10.251.70.112:49498 dest: /10.251.70.112:50010,bbb51b95,Receiving block <*> src: /<*> dest: /<*>,"['blk_5490487871975956217', '10.251.70.112:49498', '10.251.70.112:50010']"
10931324,81111,105806,27,INFO,dfs.FSNamesystem,BLOCK* NameSystem.allocateBlock: /user/root/randtxt9/_temporary/_task_200811101024_0016_m_001863_0/part-01863. blk_5490487871975956217,3d91fa85,BLOCK* NameSystem.allocateBlock: <*> <*>,['/user/root/randtxt9/_temporary/_task_200811101024_0016_m_001863_0/part-01863. blk_5490487871975956217']
10931555,81111,105809,26,INFO,dfs.FSNamesystem,BLOCK* NameSystem.addStoredBlock: blockMap updated: 10.250.7.32:50010 is added to blk_8639448870700317090 size 67108864,5d5de21c,BLOCK* NameSystem.addStoredBlock: blockMap updated: <*> is added to <*> size <*>,"['10.250.7.32:50010', 'blk_8639448870700317090', '67108864']"
10931583,81111,105809,27254,INFO,dfs.DataNode$PacketResponder,PacketResponder 0 for block blk_8639448870700317090 terminating,d38aa58d,PacketResponder <*> for block <*> <*>,"['0', 'blk_8639448870700317090 terminating']"
10931584,81111,105809,27254,INFO,dfs.DataNode$PacketResponder,Received block blk_8639448870700317090 of size 67108864 from /10.251.71.16,46003790,Received block <*> of size <*> from /<*>,"['blk_8639448870700317090', '67108864', '10.251.71.16']"
10931587,81111,105809,27287,INFO,dfs.DataNode$PacketResponder,PacketResponder 2 for block blk_8639448870700317090 terminating,d38aa58d,PacketResponder <*> for block <*> <*>,"['2', 'blk_8639448870700317090 terminating']"
10931588,81111,105809,27287,INFO,dfs.DataNode$PacketResponder,Received block blk_8639448870700317090 of size 67108864 from /10.251.90.239,46003790,Received block <*> of size <*> from /<*>,"['blk_8639448870700317090', '67108864', '10.251.90.239']"
10931599,81111,105809,27347,INFO,dfs.DataNode$PacketResponder,PacketResponder 1 for block blk_8639448870700317090 terminating,d38aa58d,PacketResponder <*> for block <*> <*>,"['1', 'blk_8639448870700317090 terminating']"
10931600,81111,105809,27347,INFO,dfs.DataNode$PacketResponder,Received block blk_8639448870700317090 of size 67108864 from /10.251.90.239,46003790,Received block <*> of size <*> from /<*>,"['blk_8639448870700317090', '67108864', '10.251.90.239']"
10931640,81111,105809,34,INFO,dfs.FSNamesystem,BLOCK* NameSystem.addStoredBlock: blockMap updated: 10.251.90.239:50010 is added to blk_8639448870700317090 size 67108864,5d5de21c,BLOCK* NameSystem.addStoredBlock: blockMap updated: <*> is added to <*> size <*>,"['10.251.90.239:50010', 'blk_8639448870700317090', '67108864']"
10931644,81111,105809,35,INFO,dfs.FSNamesystem,BLOCK* NameSystem.addStoredBlock: blockMap updated: 10.251.71.16:50010 is added to blk_8639448870700317090 size 67108864,5d5de21c,BLOCK* NameSystem.addStoredBlock: blockMap updated: <*> is added to <*> size <*>,"['10.251.71.16:50010', 'blk_8639448870700317090', '67108864']"
10931730,81111,105810,27303,INFO,dfs.DataNode$DataXceiver,Receiving block blk_8412684183626498427 src: /10.251.199.19:38538 dest: /10.251.199.19:50010,bbb51b95,Receiving block <*> src: /<*> dest: /<*>,"['blk_8412684183626498427', '10.251.199.19:38538', '10.251.199.19:50010']"
10931847,81111,105810,34,INFO,dfs.FSNamesystem,BLOCK* NameSystem.allocateBlock: /user/root/randtxt9/_temporary/_task_200811101024_0016_m_001912_0/part-01912. blk_8412684183626498427,3d91fa85,BLOCK* NameSystem.allocateBlock: <*> <*>,['/user/root/randtxt9/_temporary/_task_200811101024_0016_m_001912_0/part-01912. blk_8412684183626498427']
10931878,81111,105811,27061,INFO,dfs.DataNode$DataXceiver,Receiving block blk_8412684183626498427 src: /10.251.199.19:46799 dest: /10.251.199.19:50010,bbb51b95,Receiving block <*> src: /<*> dest: /<*>,"['blk_8412684183626498427', '10.251.199.19:46799', '10.251.199.19:50010']"
10931954,81111,105811,27750,INFO,dfs.DataNode$DataXceiver,Receiving block blk_8412684183626498427 src: /10.251.214.32:36513 dest: /10.251.214.32:50010,bbb51b95,Receiving block <*> src: /<*> dest: /<*>,"['blk_8412684183626498427', '10.251.214.32:36513', '10.251.214.32:50010']"
10932195,81111,105813,27751,INFO,dfs.DataNode$PacketResponder,PacketResponder 0 for block blk_8412684183626498427 terminating,d38aa58d,PacketResponder <*> for block <*> <*>,"['0', 'blk_8412684183626498427 terminating']"
10932196,81111,105813,27751,INFO,dfs.DataNode$PacketResponder,Received block blk_8412684183626498427 of size 3555973 from /10.251.214.32,46003790,Received block <*> of size <*> from /<*>,"['blk_8412684183626498427', '3555973', '10.251.214.32']"
10932199,81111,105813,27,INFO,dfs.FSNamesystem,BLOCK* NameSystem.addStoredBlock: blockMap updated: 10.251.27.63:50010 is added to blk_8412684183626498427 size 3555973,5d5de21c,BLOCK* NameSystem.addStoredBlock: blockMap updated: <*> is added to <*> size <*>,"['10.251.27.63:50010', 'blk_8412684183626498427', '3555973']"
10932264,81111,105814,27063,INFO,dfs.DataNode$PacketResponder,PacketResponder 1 for block blk_8412684183626498427 terminating,d38aa58d,PacketResponder <*> for block <*> <*>,"['1', 'blk_8412684183626498427 terminating']"
10932265,81111,105814,27063,INFO,dfs.DataNode$PacketResponder,Received block blk_8412684183626498427 of size 3555973 from /10.251.199.19,46003790,Received block <*> of size <*> from /<*>,"['blk_8412684183626498427', '3555973', '10.251.199.19']"
10932307,81111,105814,27304,INFO,dfs.DataNode$PacketResponder,PacketResponder 2 for block blk_8412684183626498427 terminating,d38aa58d,PacketResponder <*> for block <*> <*>,"['2', 'blk_8412684183626498427 terminating']"
10932308,81111,105814,27304,INFO,dfs.DataNode$PacketResponder,Received block blk_8412684183626498427 of size 3555973 from /10.251.199.19,46003790,Received block <*> of size <*> from /<*>,"['blk_8412684183626498427', '3555973', '10.251.199.19']"
10932376,81111,105814,32,INFO,dfs.FSNamesystem,BLOCK* NameSystem.addStoredBlock: blockMap updated: 10.251.214.32:50010 is added to blk_8412684183626498427 size 3555973,5d5de21c,BLOCK* NameSystem.addStoredBlock: blockMap updated: <*> is added to <*> size <*>,"['10.251.214.32:50010', 'blk_8412684183626498427', '3555973']"
10932384,81111,105814,33,INFO,dfs.FSNamesystem,BLOCK* NameSystem.addStoredBlock: blockMap updated: 10.251.199.19:50010 is added to blk_8412684183626498427 size 3555973,5d5de21c,BLOCK* NameSystem.addStoredBlock: blockMap updated: <*> is added to <*> size <*>,"['10.251.199.19:50010', 'blk_8412684183626498427', '3555973']"
10933923,81111,105825,27318,INFO,dfs.DataNode$DataXceiver,Receiving block blk_-4874221912376522221 src: /10.251.122.79:60714 dest: /10.251.122.79:50010,bbb51b95,Receiving block <*> src: /<*> dest: /<*>,"['blk_-4874221912376522221', '10.251.122.79:60714', '10.251.122.79:50010']"
10934014,81111,105825,31,INFO,dfs.FSNamesystem,BLOCK* NameSystem.allocateBlock: /user/root/randtxt9/_temporary/_task_200811101024_0016_m_001945_1/part-01945. blk_-4874221912376522221,3d91fa85,BLOCK* NameSystem.allocateBlock: <*> <*>,['/user/root/randtxt9/_temporary/_task_200811101024_0016_m_001945_1/part-01945. blk_-4874221912376522221']
10934725,81111,105830,27581,INFO,dfs.DataNode$DataXceiver,Receiving block blk_-4874221912376522221 src: /10.251.122.79:40072 dest: /10.251.122.79:50010,bbb51b95,Receiving block <*> src: /<*> dest: /<*>,"['blk_-4874221912376522221', '10.251.122.79:40072', '10.251.122.79:50010']"
10934825,81111,105831,27208,INFO,dfs.DataNode$DataXceiver,Receiving block blk_-4874221912376522221 src: /10.251.107.19:38630 dest: /10.251.107.19:50010,bbb51b95,Receiving block <*> src: /<*> dest: /<*>,"['blk_-4874221912376522221', '10.251.107.19:38630', '10.251.107.19:50010']"
10936704,81111,105846,27273,INFO,dfs.DataNode$PacketResponder,PacketResponder 0 for block blk_5490487871975956217 terminating,d38aa58d,PacketResponder <*> for block <*> <*>,"['0', 'blk_5490487871975956217 terminating']"
10936705,81111,105846,27273,INFO,dfs.DataNode$PacketResponder,Received block blk_5490487871975956217 of size 67108864 from /10.251.203.149,46003790,Received block <*> of size <*> from /<*>,"['blk_5490487871975956217', '67108864', '10.251.203.149']"
10936764,81111,105846,33,INFO,dfs.FSNamesystem,BLOCK* NameSystem.addStoredBlock: blockMap updated: 10.251.42.207:50010 is added to blk_5490487871975956217 size 67108864,5d5de21c,BLOCK* NameSystem.addStoredBlock: blockMap updated: <*> is added to <*> size <*>,"['10.251.42.207:50010', 'blk_5490487871975956217', '67108864']"
10936788,81111,105847,27011,INFO,dfs.DataNode$PacketResponder,PacketResponder 1 for block blk_5490487871975956217 terminating,d38aa58d,PacketResponder <*> for block <*> <*>,"['1', 'blk_5490487871975956217 terminating']"
10936789,81111,105847,27011,INFO,dfs.DataNode$PacketResponder,Received block blk_5490487871975956217 of size 67108864 from /10.251.70.112,46003790,Received block <*> of size <*> from /<*>,"['blk_5490487871975956217', '67108864', '10.251.70.112']"
10936841,81111,105847,27357,INFO,dfs.DataNode$PacketResponder,PacketResponder 2 for block blk_5490487871975956217 terminating,d38aa58d,PacketResponder <*> for block <*> <*>,"['2', 'blk_5490487871975956217 terminating']"
10936842,81111,105847,27357,INFO,dfs.DataNode$PacketResponder,Received block blk_5490487871975956217 of size 67108864 from /10.251.70.112,46003790,Received block <*> of size <*> from /<*>,"['blk_5490487871975956217', '67108864', '10.251.70.112']"
10936890,81111,105847,28,INFO,dfs.FSNamesystem,BLOCK* NameSystem.addStoredBlock: blockMap updated: 10.251.203.149:50010 is added to blk_5490487871975956217 size 67108864,5d5de21c,BLOCK* NameSystem.addStoredBlock: blockMap updated: <*> is added to <*> size <*>,"['10.251.203.149:50010', 'blk_5490487871975956217', '67108864']"
10936901,81111,105847,30,INFO,dfs.FSNamesystem,BLOCK* NameSystem.addStoredBlock: blockMap updated: 10.251.70.112:50010 is added to blk_5490487871975956217 size 67108864,5d5de21c,BLOCK* NameSystem.addStoredBlock: blockMap updated: <*> is added to <*> size <*>,"['10.251.70.112:50010', 'blk_5490487871975956217', '67108864']"
10939118,81111,105903,27209,INFO,dfs.DataNode$PacketResponder,PacketResponder 0 for block blk_-4874221912376522221 terminating,d38aa58d,PacketResponder <*> for block <*> <*>,"['0', 'blk_-4874221912376522221 terminating']"
10939119,81111,105903,27209,INFO,dfs.DataNode$PacketResponder,Received block blk_-4874221912376522221 of size 67108864 from /10.251.107.19,46003790,Received block <*> of size <*> from /<*>,"['blk_-4874221912376522221', '67108864', '10.251.107.19']"
10939141,81111,105903,27319,INFO,dfs.DataNode$PacketResponder,PacketResponder 2 for block blk_-4874221912376522221 terminating,d38aa58d,PacketResponder <*> for block <*> <*>,"['2', 'blk_-4874221912376522221 terminating']"
10939142,81111,105903,27319,INFO,dfs.DataNode$PacketResponder,Received block blk_-4874221912376522221 of size 67108864 from /10.251.122.79,46003790,Received block <*> of size <*> from /<*>,"['blk_-4874221912376522221', '67108864', '10.251.122.79']"
10939176,81111,105903,27582,INFO,dfs.DataNode$PacketResponder,PacketResponder 1 for block blk_-4874221912376522221 terminating,d38aa58d,PacketResponder <*> for block <*> <*>,"['1', 'blk_-4874221912376522221 terminating']"
10939177,81111,105903,27582,INFO,dfs.DataNode$PacketResponder,Received block blk_-4874221912376522221 of size 67108864 from /10.251.122.79,46003790,Received block <*> of size <*> from /<*>,"['blk_-4874221912376522221', '67108864', '10.251.122.79']"
10939190,81111,105903,29,INFO,dfs.FSNamesystem,BLOCK* NameSystem.addStoredBlock: blockMap updated: 10.251.42.9:50010 is added to blk_-4874221912376522221 size 67108864,5d5de21c,BLOCK* NameSystem.addStoredBlock: blockMap updated: <*> is added to <*> size <*>,"['10.251.42.9:50010', 'blk_-4874221912376522221', '67108864']"
10939193,81111,105903,30,INFO,dfs.FSNamesystem,BLOCK* NameSystem.addStoredBlock: blockMap updated: 10.251.107.19:50010 is added to blk_-4874221912376522221 size 67108864,5d5de21c,BLOCK* NameSystem.addStoredBlock: blockMap updated: <*> is added to <*> size <*>,"['10.251.107.19:50010', 'blk_-4874221912376522221', '67108864']"
10939214,81111,105903,34,INFO,dfs.FSNamesystem,BLOCK* NameSystem.addStoredBlock: blockMap updated: 10.251.122.79:50010 is added to blk_-4874221912376522221 size 67108864,5d5de21c,BLOCK* NameSystem.addStoredBlock: blockMap updated: <*> is added to <*> size <*>,"['10.251.122.79:50010', 'blk_-4874221912376522221', '67108864']"
10947167,81111,110003,26979,INFO,dfs.DataNode$DataXceiver,Receiving block blk_-2425150099251724233 src: /10.251.203.4:40869 dest: /10.251.203.4:50010,bbb51b95,Receiving block <*> src: /<*> dest: /<*>,"['blk_-2425150099251724233', '10.251.203.4:40869', '10.251.203.4:50010']"
10947208,81111,110003,27388,INFO,dfs.DataNode$DataXceiver,Receiving block blk_-2425150099251724233 src: /10.251.203.4:48147 dest: /10.251.203.4:50010,bbb51b95,Receiving block <*> src: /<*> dest: /<*>,"['blk_-2425150099251724233', '10.251.203.4:48147', '10.251.203.4:50010']"
10947211,81111,110003,27415,INFO,dfs.DataNode$DataXceiver,Receiving block blk_-2425150099251724233 src: /10.251.105.189:54415 dest: /10.251.105.189:50010,bbb51b95,Receiving block <*> src: /<*> dest: /<*>,"['blk_-2425150099251724233', '10.251.105.189:54415', '10.251.105.189:50010']"
10947261,81111,110003,34,INFO,dfs.FSNamesystem,BLOCK* NameSystem.allocateBlock: /user/root/randtxt9/_temporary/_task_200811101024_0016_m_001850_1/part-01850. blk_-2425150099251724233,3d91fa85,BLOCK* NameSystem.allocateBlock: <*> <*>,['/user/root/randtxt9/_temporary/_task_200811101024_0016_m_001850_1/part-01850. blk_-2425150099251724233']
10947780,81111,110007,29,INFO,dfs.FSNamesystem,BLOCK* NameSystem.allocateBlock: /user/root/randtxt9/_temporary/_task_200811101024_0016_m_001995_1/part-01995. blk_-5937420590509100942,3d91fa85,BLOCK* NameSystem.allocateBlock: <*> <*>,['/user/root/randtxt9/_temporary/_task_200811101024_0016_m_001995_1/part-01995. blk_-5937420590509100942']
10947827,81111,110008,27211,INFO,dfs.DataNode$DataXceiver,Receiving block blk_-5937420590509100942 src: /10.251.65.203:51077 dest: /10.251.65.203:50010,bbb51b95,Receiving block <*> src: /<*> dest: /<*>,"['blk_-5937420590509100942', '10.251.65.203:51077', '10.251.65.203:50010']"
10947828,81111,110008,27214,INFO,dfs.DataNode$DataXceiver,Receiving block blk_-5937420590509100942 src: /10.251.42.246:57844 dest: /10.251.42.246:50010,bbb51b95,Receiving block <*> src: /<*> dest: /<*>,"['blk_-5937420590509100942', '10.251.42.246:57844', '10.251.42.246:50010']"
10947873,81111,110008,27371,INFO,dfs.DataNode$DataXceiver,Receiving block blk_-5937420590509100942 src: /10.251.42.246:55738 dest: /10.251.42.246:50010,bbb51b95,Receiving block <*> src: /<*> dest: /<*>,"['blk_-5937420590509100942', '10.251.42.246:55738', '10.251.42.246:50010']"
10948023,81111,110009,27326,INFO,dfs.DataNode$DataXceiver,Receiving block blk_-3412152778645593574 src: /10.251.109.209:34071 dest: /10.251.109.209:50010,bbb51b95,Receiving block <*> src: /<*> dest: /<*>,"['blk_-3412152778645593574', '10.251.109.209:34071', '10.251.109.209:50010']"
10948026,81111,110009,27330,INFO,dfs.DataNode$DataXceiver,Receiving block blk_-3412152778645593574 src: /10.251.127.191:33133 dest: /10.251.127.191:50010,bbb51b95,Receiving block <*> src: /<*> dest: /<*>,"['blk_-3412152778645593574', '10.251.127.191:33133', '10.251.127.191:50010']"
10948041,81111,110009,27383,INFO,dfs.DataNode$DataXceiver,Receiving block blk_-3412152778645593574 src: /10.251.109.209:58472 dest: /10.251.109.209:50010,bbb51b95,Receiving block <*> src: /<*> dest: /<*>,"['blk_-3412152778645593574', '10.251.109.209:58472', '10.251.109.209:50010']"
10948090,81111,110009,29,INFO,dfs.FSNamesystem,BLOCK* NameSystem.allocateBlock: /user/root/randtxt9/_temporary/_task_200811101024_0016_m_001967_0/part-01967. blk_-3412152778645593574,3d91fa85,BLOCK* NameSystem.allocateBlock: <*> <*>,['/user/root/randtxt9/_temporary/_task_200811101024_0016_m_001967_0/part-01967. blk_-3412152778645593574']
10950117,81111,110027,26980,INFO,dfs.DataNode$PacketResponder,PacketResponder 2 for block blk_-2425150099251724233 terminating,d38aa58d,PacketResponder <*> for block <*> <*>,"['2', 'blk_-2425150099251724233 terminating']"
10950118,81111,110027,26980,INFO,dfs.DataNode$PacketResponder,Received block blk_-2425150099251724233 of size 46215730 from /10.251.203.4,46003790,Received block <*> of size <*> from /<*>,"['blk_-2425150099251724233', '46215730', '10.251.203.4']"
10950162,81111,110027,27389,INFO,dfs.DataNode$PacketResponder,PacketResponder 1 for block blk_-2425150099251724233 terminating,d38aa58d,PacketResponder <*> for block <*> <*>,"['1', 'blk_-2425150099251724233 terminating']"
10950163,81111,110027,27389,INFO,dfs.DataNode$PacketResponder,Received block blk_-2425150099251724233 of size 46215730 from /10.251.203.4,46003790,Received block <*> of size <*> from /<*>,"['blk_-2425150099251724233', '46215730', '10.251.203.4']"
10950166,81111,110027,27416,INFO,dfs.DataNode$PacketResponder,PacketResponder 0 for block blk_-2425150099251724233 terminating,d38aa58d,PacketResponder <*> for block <*> <*>,"['0', 'blk_-2425150099251724233 terminating']"
10950167,81111,110027,27416,INFO,dfs.DataNode$PacketResponder,Received block blk_-2425150099251724233 of size 46215730 from /10.251.105.189,46003790,Received block <*> of size <*> from /<*>,"['blk_-2425150099251724233', '46215730', '10.251.105.189']"
10950175,81111,110027,27,INFO,dfs.FSNamesystem,BLOCK* NameSystem.addStoredBlock: blockMap updated: 10.251.214.112:50010 is added to blk_-2425150099251724233 size 46215730,5d5de21c,BLOCK* NameSystem.addStoredBlock: blockMap updated: <*> is added to <*> size <*>,"['10.251.214.112:50010', 'blk_-2425150099251724233', '46215730']"
10950190,81111,110027,32,INFO,dfs.FSNamesystem,BLOCK* NameSystem.addStoredBlock: blockMap updated: 10.251.203.4:50010 is added to blk_-2425150099251724233 size 46215730,5d5de21c,BLOCK* NameSystem.addStoredBlock: blockMap updated: <*> is added to <*> size <*>,"['10.251.203.4:50010', 'blk_-2425150099251724233', '46215730']"
10950196,81111,110027,35,INFO,dfs.FSNamesystem,BLOCK* NameSystem.addStoredBlock: blockMap updated: 10.251.105.189:50010 is added to blk_-2425150099251724233 size 46215730,5d5de21c,BLOCK* NameSystem.addStoredBlock: blockMap updated: <*> is added to <*> size <*>,"['10.251.105.189:50010', 'blk_-2425150099251724233', '46215730']"
10950240,81111,110028,27327,INFO,dfs.DataNode$PacketResponder,PacketResponder 2 for block blk_-3412152778645593574 terminating,d38aa58d,PacketResponder <*> for block <*> <*>,"['2', 'blk_-3412152778645593574 terminating']"
10950241,81111,110028,27327,INFO,dfs.DataNode$PacketResponder,Received block blk_-3412152778645593574 of size 67108864 from /10.251.109.209,46003790,Received block <*> of size <*> from /<*>,"['blk_-3412152778645593574', '67108864', '10.251.109.209']"
10950242,81111,110028,27331,INFO,dfs.DataNode$PacketResponder,PacketResponder 0 for block blk_-3412152778645593574 terminating,d38aa58d,PacketResponder <*> for block <*> <*>,"['0', 'blk_-3412152778645593574 terminating']"
10950243,81111,110028,27331,INFO,dfs.DataNode$PacketResponder,Received block blk_-3412152778645593574 of size 67108864 from /10.251.127.191,46003790,Received block <*> of size <*> from /<*>,"['blk_-3412152778645593574', '67108864', '10.251.127.191']"
10950246,81111,110028,27384,INFO,dfs.DataNode$PacketResponder,PacketResponder 1 for block blk_-3412152778645593574 terminating,d38aa58d,PacketResponder <*> for block <*> <*>,"['1', 'blk_-3412152778645593574 terminating']"
10950247,81111,110028,27384,INFO,dfs.DataNode$PacketResponder,Received block blk_-3412152778645593574 of size 67108864 from /10.251.109.209,46003790,Received block <*> of size <*> from /<*>,"['blk_-3412152778645593574', '67108864', '10.251.109.209']"
10950289,81111,110028,28,INFO,dfs.FSNamesystem,BLOCK* NameSystem.addStoredBlock: blockMap updated: 10.251.90.239:50010 is added to blk_-3412152778645593574 size 67108864,5d5de21c,BLOCK* NameSystem.addStoredBlock: blockMap updated: <*> is added to <*> size <*>,"['10.251.90.239:50010', 'blk_-3412152778645593574', '67108864']"
10950292,81111,110028,29,INFO,dfs.FSNamesystem,BLOCK* NameSystem.addStoredBlock: blockMap updated: 10.251.127.191:50010 is added to blk_-3412152778645593574 size 67108864,5d5de21c,BLOCK* NameSystem.addStoredBlock: blockMap updated: <*> is added to <*> size <*>,"['10.251.127.191:50010', 'blk_-3412152778645593574', '67108864']"
10950294,81111,110028,30,INFO,dfs.FSNamesystem,BLOCK* NameSystem.addStoredBlock: blockMap updated: 10.251.109.209:50010 is added to blk_-3412152778645593574 size 67108864,5d5de21c,BLOCK* NameSystem.addStoredBlock: blockMap updated: <*> is added to <*> size <*>,"['10.251.109.209:50010', 'blk_-3412152778645593574', '67108864']"
10950541,81111,110030,27212,INFO,dfs.DataNode$PacketResponder,PacketResponder 0 for block blk_-5937420590509100942 terminating,d38aa58d,PacketResponder <*> for block <*> <*>,"['0', 'blk_-5937420590509100942 terminating']"
10950542,81111,110030,27212,INFO,dfs.DataNode$PacketResponder,Received block blk_-5937420590509100942 of size 67108864 from /10.251.65.203,46003790,Received block <*> of size <*> from /<*>,"['blk_-5937420590509100942', '67108864', '10.251.65.203']"
10950543,81111,110030,27215,INFO,dfs.DataNode$PacketResponder,PacketResponder 1 for block blk_-5937420590509100942 terminating,d38aa58d,PacketResponder <*> for block <*> <*>,"['1', 'blk_-5937420590509100942 terminating']"
10950544,81111,110030,27215,INFO,dfs.DataNode$PacketResponder,Received block blk_-5937420590509100942 of size 67108864 from /10.251.42.246,46003790,Received block <*> of size <*> from /<*>,"['blk_-5937420590509100942', '67108864', '10.251.42.246']"
10950578,81111,110030,27372,INFO,dfs.DataNode$PacketResponder,PacketResponder 2 for block blk_-5937420590509100942 terminating,d38aa58d,PacketResponder <*> for block <*> <*>,"['2', 'blk_-5937420590509100942 terminating']"
10950579,81111,110030,27372,INFO,dfs.DataNode$PacketResponder,Received block blk_-5937420590509100942 of size 67108864 from /10.251.42.246,46003790,Received block <*> of size <*> from /<*>,"['blk_-5937420590509100942', '67108864', '10.251.42.246']"
10950621,81111,110030,28,INFO,dfs.FSNamesystem,BLOCK* NameSystem.addStoredBlock: blockMap updated: 10.251.74.79:50010 is added to blk_-5937420590509100942 size 67108864,5d5de21c,BLOCK* NameSystem.addStoredBlock: blockMap updated: <*> is added to <*> size <*>,"['10.251.74.79:50010', 'blk_-5937420590509100942', '67108864']"
10950649,81111,110030,34,INFO,dfs.FSNamesystem,BLOCK* NameSystem.addStoredBlock: blockMap updated: 10.251.42.246:50010 is added to blk_-5937420590509100942 size 67108864,5d5de21c,BLOCK* NameSystem.addStoredBlock: blockMap updated: <*> is added to <*> size <*>,"['10.251.42.246:50010', 'blk_-5937420590509100942', '67108864']"
10950658,81111,110031,26,INFO,dfs.FSNamesystem,BLOCK* NameSystem.addStoredBlock: blockMap updated: 10.251.65.203:50010 is added to blk_-5937420590509100942 size 67108864,5d5de21c,BLOCK* NameSystem.addStoredBlock: blockMap updated: <*> is added to <*> size <*>,"['10.251.65.203:50010', 'blk_-5937420590509100942', '67108864']"
10958930,81111,110207,24579,INFO,dfs.DataNode$DataXceiver,Receiving block blk_6917617616907586847 src: /10.251.107.50:59319 dest: /10.251.107.50:50010,bbb51b95,Receiving block <*> src: /<*> dest: /<*>,"['blk_6917617616907586847', '10.251.107.50:59319', '10.251.107.50:50010']"
10958933,81111,110207,27328,INFO,dfs.DataNode$DataXceiver,Receiving block blk_6917617616907586847 src: /10.251.91.15:52927 dest: /10.251.91.15:50010,bbb51b95,Receiving block <*> src: /<*> dest: /<*>,"['blk_6917617616907586847', '10.251.91.15:52927', '10.251.91.15:50010']"
10958936,81111,110207,27525,INFO,dfs.DataNode$DataXceiver,Receiving block blk_6917617616907586847 src: /10.251.107.50:33905 dest: /10.251.107.50:50010,bbb51b95,Receiving block <*> src: /<*> dest: /<*>,"['blk_6917617616907586847', '10.251.107.50:33905', '10.251.107.50:50010']"
10958939,81111,110207,32,INFO,dfs.FSNamesystem,BLOCK* NameSystem.allocateBlock: /user/root/randtxt9/_temporary/_task_200811101024_0016_m_002011_0/part-02011. blk_6917617616907586847,3d91fa85,BLOCK* NameSystem.allocateBlock: <*> <*>,['/user/root/randtxt9/_temporary/_task_200811101024_0016_m_002011_0/part-02011. blk_6917617616907586847']
10959586,81111,110222,24580,INFO,dfs.DataNode$PacketResponder,PacketResponder 2 for block blk_6917617616907586847 terminating,d38aa58d,PacketResponder <*> for block <*> <*>,"['2', 'blk_6917617616907586847 terminating']"
10959587,81111,110222,24580,INFO,dfs.DataNode$PacketResponder,Received block blk_6917617616907586847 of size 67108864 from /10.251.107.50,46003790,Received block <*> of size <*> from /<*>,"['blk_6917617616907586847', '67108864', '10.251.107.50']"
10959589,81111,110222,26,INFO,dfs.FSNamesystem,BLOCK* NameSystem.addStoredBlock: blockMap updated: 10.251.107.50:50010 is added to blk_6917617616907586847 size 67108864,5d5de21c,BLOCK* NameSystem.addStoredBlock: blockMap updated: <*> is added to <*> size <*>,"['10.251.107.50:50010', 'blk_6917617616907586847', '67108864']"
10959599,81111,110222,27329,INFO,dfs.DataNode$PacketResponder,PacketResponder 0 for block blk_6917617616907586847 terminating,d38aa58d,PacketResponder <*> for block <*> <*>,"['0', 'blk_6917617616907586847 terminating']"
10959600,81111,110222,27329,INFO,dfs.DataNode$PacketResponder,Received block blk_6917617616907586847 of size 67108864 from /10.251.91.15,46003790,Received block <*> of size <*> from /<*>,"['blk_6917617616907586847', '67108864', '10.251.91.15']"
10959615,81111,110222,27526,INFO,dfs.DataNode$PacketResponder,PacketResponder 1 for block blk_6917617616907586847 terminating,d38aa58d,PacketResponder <*> for block <*> <*>,"['1', 'blk_6917617616907586847 terminating']"
10959616,81111,110222,27526,INFO,dfs.DataNode$PacketResponder,Received block blk_6917617616907586847 of size 67108864 from /10.251.107.50,46003790,Received block <*> of size <*> from /<*>,"['blk_6917617616907586847', '67108864', '10.251.107.50']"
10959625,81111,110222,29,INFO,dfs.FSNamesystem,BLOCK* NameSystem.addStoredBlock: blockMap updated: 10.251.67.4:50010 is added to blk_6917617616907586847 size 67108864,5d5de21c,BLOCK* NameSystem.addStoredBlock: blockMap updated: <*> is added to <*> size <*>,"['10.251.67.4:50010', 'blk_6917617616907586847', '67108864']"
10959635,81111,110222,35,INFO,dfs.FSNamesystem,BLOCK* NameSystem.addStoredBlock: blockMap updated: 10.251.91.15:50010 is added to blk_6917617616907586847 size 67108864,5d5de21c,BLOCK* NameSystem.addStoredBlock: blockMap updated: <*> is added to <*> size <*>,"['10.251.91.15:50010', 'blk_6917617616907586847', '67108864']"
10960820,81111,110354,13,INFO,dfs.DataBlockScanner,Verification succeeded for blk_9189873226828368093,32777b38,Verification succeeded for <*>,['blk_9189873226828368093']
10961441,81111,110415,30,INFO,dfs.FSNamesystem,BLOCK* NameSystem.delete: blk_912408673689755627 is added to invalidSet of 10.250.7.230:50010,d63ef163,BLOCK* NameSystem.delete: <*> is added to invalidSet of <*>,"['blk_912408673689755627', '10.250.7.230:50010']"
10961442,81111,110415,30,INFO,dfs.FSNamesystem,BLOCK* NameSystem.delete: blk_912408673689755627 is added to invalidSet of 10.251.30.134:50010,d63ef163,BLOCK* NameSystem.delete: <*> is added to invalidSet of <*>,"['blk_912408673689755627', '10.251.30.134:50010']"
10961443,81111,110415,30,INFO,dfs.FSNamesystem,BLOCK* NameSystem.delete: blk_912408673689755627 is added to invalidSet of 10.251.31.242:50010,d63ef163,BLOCK* NameSystem.delete: <*> is added to invalidSet of <*>,"['blk_912408673689755627', '10.251.31.242:50010']"
10962615,81111,110417,34,INFO,dfs.FSNamesystem,BLOCK* NameSystem.delete: blk_-2425150099251724233 is added to invalidSet of 10.251.105.189:50010,d63ef163,BLOCK* NameSystem.delete: <*> is added to invalidSet of <*>,"['blk_-2425150099251724233', '10.251.105.189:50010']"
10962616,81111,110417,34,INFO,dfs.FSNamesystem,BLOCK* NameSystem.delete: blk_-2425150099251724233 is added to invalidSet of 10.251.203.4:50010,d63ef163,BLOCK* NameSystem.delete: <*> is added to invalidSet of <*>,"['blk_-2425150099251724233', '10.251.203.4:50010']"
10962617,81111,110417,34,INFO,dfs.FSNamesystem,BLOCK* NameSystem.delete: blk_-2425150099251724233 is added to invalidSet of 10.251.214.112:50010,d63ef163,BLOCK* NameSystem.delete: <*> is added to invalidSet of <*>,"['blk_-2425150099251724233', '10.251.214.112:50010']"
10962666,81111,110417,34,INFO,dfs.FSNamesystem,BLOCK* NameSystem.delete: blk_8639448870700317090 is added to invalidSet of 10.250.7.32:50010,d63ef163,BLOCK* NameSystem.delete: <*> is added to invalidSet of <*>,"['blk_8639448870700317090', '10.250.7.32:50010']"
10962667,81111,110417,34,INFO,dfs.FSNamesystem,BLOCK* NameSystem.delete: blk_8639448870700317090 is added to invalidSet of 10.251.71.16:50010,d63ef163,BLOCK* NameSystem.delete: <*> is added to invalidSet of <*>,"['blk_8639448870700317090', '10.251.71.16:50010']"
10962668,81111,110417,34,INFO,dfs.FSNamesystem,BLOCK* NameSystem.delete: blk_8639448870700317090 is added to invalidSet of 10.251.90.239:50010,d63ef163,BLOCK* NameSystem.delete: <*> is added to invalidSet of <*>,"['blk_8639448870700317090', '10.251.90.239:50010']"
10963531,81111,110419,26,INFO,dfs.FSNamesystem,BLOCK* NameSystem.delete: blk_-4874221912376522221 is added to invalidSet of 10.251.107.19:50010,d63ef163,BLOCK* NameSystem.delete: <*> is added to invalidSet of <*>,"['blk_-4874221912376522221', '10.251.107.19:50010']"
10963532,81111,110419,26,INFO,dfs.FSNamesystem,BLOCK* NameSystem.delete: blk_-4874221912376522221 is added to invalidSet of 10.251.122.79:50010,d63ef163,BLOCK* NameSystem.delete: <*> is added to invalidSet of <*>,"['blk_-4874221912376522221', '10.251.122.79:50010']"
10963533,81111,110419,26,INFO,dfs.FSNamesystem,BLOCK* NameSystem.delete: blk_-4874221912376522221 is added to invalidSet of 10.251.42.9:50010,d63ef163,BLOCK* NameSystem.delete: <*> is added to invalidSet of <*>,"['blk_-4874221912376522221', '10.251.42.9:50010']"
10964672,81111,110420,29,INFO,dfs.FSNamesystem,BLOCK* NameSystem.delete: blk_-5937420590509100942 is added to invalidSet of 10.251.42.246:50010,d63ef163,BLOCK* NameSystem.delete: <*> is added to invalidSet of <*>,"['blk_-5937420590509100942', '10.251.42.246:50010']"
10964673,81111,110420,29,INFO,dfs.FSNamesystem,BLOCK* NameSystem.delete: blk_-5937420590509100942 is added to invalidSet of 10.251.65.203:50010,d63ef163,BLOCK* NameSystem.delete: <*> is added to invalidSet of <*>,"['blk_-5937420590509100942', '10.251.65.203:50010']"
10964674,81111,110420,29,INFO,dfs.FSNamesystem,BLOCK* NameSystem.delete: blk_-5937420590509100942 is added to invalidSet of 10.251.74.79:50010,d63ef163,BLOCK* NameSystem.delete: <*> is added to invalidSet of <*>,"['blk_-5937420590509100942', '10.251.74.79:50010']"
10965064,81111,110421,19,INFO,dfs.FSDataset,Deleting block blk_8639448870700317090 file /mnt/hadoop/dfs/data/current/subdir58/blk_8639448870700317090,dba996ef,Deleting block <*> file <*>,"['blk_8639448870700317090', '/mnt/hadoop/dfs/data/current/subdir58/blk_8639448870700317090']"
10965886,81111,110422,19,INFO,dfs.FSDataset,Deleting block blk_-5937420590509100942 file /mnt/hadoop/dfs/data/current/subdir47/blk_-5937420590509100942,dba996ef,Deleting block <*> file <*>,"['blk_-5937420590509100942', '/mnt/hadoop/dfs/data/current/subdir47/blk_-5937420590509100942']"
10966063,81111,110423,19,INFO,dfs.FSDataset,Deleting block blk_-4874221912376522221 file /mnt/hadoop/dfs/data/current/subdir17/blk_-4874221912376522221,dba996ef,Deleting block <*> file <*>,"['blk_-4874221912376522221', '/mnt/hadoop/dfs/data/current/subdir17/blk_-4874221912376522221']"
11049462,81111,110444,26,INFO,dfs.FSNamesystem,BLOCK* NameSystem.delete: blk_-3933045066033346705 is added to invalidSet of 10.251.122.65:50010,d63ef163,BLOCK* NameSystem.delete: <*> is added to invalidSet of <*>,"['blk_-3933045066033346705', '10.251.122.65:50010']"
11049463,81111,110444,26,INFO,dfs.FSNamesystem,BLOCK* NameSystem.delete: blk_-3933045066033346705 is added to invalidSet of 10.251.42.16:50010,d63ef163,BLOCK* NameSystem.delete: <*> is added to invalidSet of <*>,"['blk_-3933045066033346705', '10.251.42.16:50010']"
11049464,81111,110444,26,INFO,dfs.FSNamesystem,BLOCK* NameSystem.delete: blk_-3933045066033346705 is added to invalidSet of 10.251.65.203:50010,d63ef163,BLOCK* NameSystem.delete: <*> is added to invalidSet of <*>,"['blk_-3933045066033346705', '10.251.65.203:50010']"
11056169,81111,110445,26,INFO,dfs.FSNamesystem,BLOCK* NameSystem.delete: blk_7605900247967711125 is added to invalidSet of 10.250.11.53:50010,d63ef163,BLOCK* NameSystem.delete: <*> is added to invalidSet of <*>,"['blk_7605900247967711125', '10.250.11.53:50010']"
11056170,81111,110445,26,INFO,dfs.FSNamesystem,BLOCK* NameSystem.delete: blk_7605900247967711125 is added to invalidSet of 10.251.126.5:50010,d63ef163,BLOCK* NameSystem.delete: <*> is added to invalidSet of <*>,"['blk_7605900247967711125', '10.251.126.5:50010']"
11056171,81111,110445,26,INFO,dfs.FSNamesystem,BLOCK* NameSystem.delete: blk_7605900247967711125 is added to invalidSet of 10.251.197.226:50010,d63ef163,BLOCK* NameSystem.delete: <*> is added to invalidSet of <*>,"['blk_7605900247967711125', '10.251.197.226:50010']"
11056328,81111,110445,26,INFO,dfs.FSNamesystem,BLOCK* NameSystem.delete: blk_-7888947928291510058 is added to invalidSet of 10.250.10.213:50010,d63ef163,BLOCK* NameSystem.delete: <*> is added to invalidSet of <*>,"['blk_-7888947928291510058', '10.250.10.213:50010']"
11056329,81111,110445,26,INFO,dfs.FSNamesystem,BLOCK* NameSystem.delete: blk_-7888947928291510058 is added to invalidSet of 10.251.110.160:50010,d63ef163,BLOCK* NameSystem.delete: <*> is added to invalidSet of <*>,"['blk_-7888947928291510058', '10.251.110.160:50010']"
11056330,81111,110445,26,INFO,dfs.FSNamesystem,BLOCK* NameSystem.delete: blk_-7888947928291510058 is added to invalidSet of 10.251.42.191:50010,d63ef163,BLOCK* NameSystem.delete: <*> is added to invalidSet of <*>,"['blk_-7888947928291510058', '10.251.42.191:50010']"
11063441,81111,110447,26,INFO,dfs.FSNamesystem,BLOCK* NameSystem.delete: blk_5490487871975956217 is added to invalidSet of 10.251.203.149:50010,d63ef163,BLOCK* NameSystem.delete: <*> is added to invalidSet of <*>,"['blk_5490487871975956217', '10.251.203.149:50010']"
11063442,81111,110447,26,INFO,dfs.FSNamesystem,BLOCK* NameSystem.delete: blk_5490487871975956217 is added to invalidSet of 10.251.42.207:50010,d63ef163,BLOCK* NameSystem.delete: <*> is added to invalidSet of <*>,"['blk_5490487871975956217', '10.251.42.207:50010']"
11063443,81111,110447,26,INFO,dfs.FSNamesystem,BLOCK* NameSystem.delete: blk_5490487871975956217 is added to invalidSet of 10.251.70.112:50010,d63ef163,BLOCK* NameSystem.delete: <*> is added to invalidSet of <*>,"['blk_5490487871975956217', '10.251.70.112:50010']"
11064872,81111,110447,26,INFO,dfs.FSNamesystem,BLOCK* NameSystem.delete: blk_8412684183626498427 is added to invalidSet of 10.251.199.19:50010,d63ef163,BLOCK* NameSystem.delete: <*> is added to invalidSet of <*>,"['blk_8412684183626498427', '10.251.199.19:50010']"
11064873,81111,110447,26,INFO,dfs.FSNamesystem,BLOCK* NameSystem.delete: blk_8412684183626498427 is added to invalidSet of 10.251.214.32:50010,d63ef163,BLOCK* NameSystem.delete: <*> is added to invalidSet of <*>,"['blk_8412684183626498427', '10.251.214.32:50010']"
11064874,81111,110447,26,INFO,dfs.FSNamesystem,BLOCK* NameSystem.delete: blk_8412684183626498427 is added to invalidSet of 10.251.27.63:50010,d63ef163,BLOCK* NameSystem.delete: <*> is added to invalidSet of <*>,"['blk_8412684183626498427', '10.251.27.63:50010']"
11065183,81111,110447,26,INFO,dfs.FSNamesystem,BLOCK* NameSystem.delete: blk_9189873226828368093 is added to invalidSet of 10.251.123.99:50010,d63ef163,BLOCK* NameSystem.delete: <*> is added to invalidSet of <*>,"['blk_9189873226828368093', '10.251.123.99:50010']"
11065184,81111,110447,26,INFO,dfs.FSNamesystem,BLOCK* NameSystem.delete: blk_9189873226828368093 is added to invalidSet of 10.251.26.8:50010,d63ef163,BLOCK* NameSystem.delete: <*> is added to invalidSet of <*>,"['blk_9189873226828368093', '10.251.26.8:50010']"
11065185,81111,110447,26,INFO,dfs.FSNamesystem,BLOCK* NameSystem.delete: blk_9189873226828368093 is added to invalidSet of 10.251.74.192:50010,d63ef163,BLOCK* NameSystem.delete: <*> is added to invalidSet of <*>,"['blk_9189873226828368093', '10.251.74.192:50010']"
11066421,81111,110448,26,INFO,dfs.FSNamesystem,BLOCK* NameSystem.delete: blk_-3336598818097526100 is added to invalidSet of 10.251.110.160:50010,d63ef163,BLOCK* NameSystem.delete: <*> is added to invalidSet of <*>,"['blk_-3336598818097526100', '10.251.110.160:50010']"
11066422,81111,110448,26,INFO,dfs.FSNamesystem,BLOCK* NameSystem.delete: blk_-3336598818097526100 is added to invalidSet of 10.251.195.33:50010,d63ef163,BLOCK* NameSystem.delete: <*> is added to invalidSet of <*>,"['blk_-3336598818097526100', '10.251.195.33:50010']"
11066423,81111,110448,26,INFO,dfs.FSNamesystem,BLOCK* NameSystem.delete: blk_-3336598818097526100 is added to invalidSet of 10.251.43.115:50010,d63ef163,BLOCK* NameSystem.delete: <*> is added to invalidSet of <*>,"['blk_-3336598818097526100', '10.251.43.115:50010']"
11066460,81111,110448,26,INFO,dfs.FSNamesystem,BLOCK* NameSystem.delete: blk_-3412152778645593574 is added to invalidSet of 10.251.109.209:50010,d63ef163,BLOCK* NameSystem.delete: <*> is added to invalidSet of <*>,"['blk_-3412152778645593574', '10.251.109.209:50010']"
11066461,81111,110448,26,INFO,dfs.FSNamesystem,BLOCK* NameSystem.delete: blk_-3412152778645593574 is added to invalidSet of 10.251.127.191:50010,d63ef163,BLOCK* NameSystem.delete: <*> is added to invalidSet of <*>,"['blk_-3412152778645593574', '10.251.127.191:50010']"
11066462,81111,110448,26,INFO,dfs.FSNamesystem,BLOCK* NameSystem.delete: blk_-3412152778645593574 is added to invalidSet of 10.251.90.239:50010,d63ef163,BLOCK* NameSystem.delete: <*> is added to invalidSet of <*>,"['blk_-3412152778645593574', '10.251.90.239:50010']"
11066865,81111,110448,26,INFO,dfs.FSNamesystem,BLOCK* NameSystem.delete: blk_4241158325143616218 is added to invalidSet of 10.250.13.240:50010,d63ef163,BLOCK* NameSystem.delete: <*> is added to invalidSet of <*>,"['blk_4241158325143616218', '10.250.13.240:50010']"
11066866,81111,110448,26,INFO,dfs.FSNamesystem,BLOCK* NameSystem.delete: blk_4241158325143616218 is added to invalidSet of 10.251.198.33:50010,d63ef163,BLOCK* NameSystem.delete: <*> is added to invalidSet of <*>,"['blk_4241158325143616218', '10.251.198.33:50010']"
11066867,81111,110448,26,INFO,dfs.FSNamesystem,BLOCK* NameSystem.delete: blk_4241158325143616218 is added to invalidSet of 10.251.67.211:50010,d63ef163,BLOCK* NameSystem.delete: <*> is added to invalidSet of <*>,"['blk_4241158325143616218', '10.251.67.211:50010']"
11068215,81111,110448,26,INFO,dfs.FSNamesystem,BLOCK* NameSystem.delete: blk_6917617616907586847 is added to invalidSet of 10.251.107.50:50010,d63ef163,BLOCK* NameSystem.delete: <*> is added to invalidSet of <*>,"['blk_6917617616907586847', '10.251.107.50:50010']"
11068216,81111,110448,26,INFO,dfs.FSNamesystem,BLOCK* NameSystem.delete: blk_6917617616907586847 is added to invalidSet of 10.251.67.4:50010,d63ef163,BLOCK* NameSystem.delete: <*> is added to invalidSet of <*>,"['blk_6917617616907586847', '10.251.67.4:50010']"
11068217,81111,110448,26,INFO,dfs.FSNamesystem,BLOCK* NameSystem.delete: blk_6917617616907586847 is added to invalidSet of 10.251.91.15:50010,d63ef163,BLOCK* NameSystem.delete: <*> is added to invalidSet of <*>,"['blk_6917617616907586847', '10.251.91.15:50010']"
11069235,81111,110448,26,INFO,dfs.FSNamesystem,BLOCK* NameSystem.delete: blk_8785180105282705781 is added to invalidSet of 10.251.197.161:50010,d63ef163,BLOCK* NameSystem.delete: <*> is added to invalidSet of <*>,"['blk_8785180105282705781', '10.251.197.161:50010']"
11069236,81111,110448,26,INFO,dfs.FSNamesystem,BLOCK* NameSystem.delete: blk_8785180105282705781 is added to invalidSet of 10.251.71.240:50010,d63ef163,BLOCK* NameSystem.delete: <*> is added to invalidSet of <*>,"['blk_8785180105282705781', '10.251.71.240:50010']"
11069237,81111,110448,26,INFO,dfs.FSNamesystem,BLOCK* NameSystem.delete: blk_8785180105282705781 is added to invalidSet of 10.251.89.155:50010,d63ef163,BLOCK* NameSystem.delete: <*> is added to invalidSet of <*>,"['blk_8785180105282705781', '10.251.89.155:50010']"
11069495,81111,110449,19,INFO,dfs.FSDataset,Deleting block blk_-4874221912376522221 file /mnt/hadoop/dfs/data/current/subdir57/blk_-4874221912376522221,dba996ef,Deleting block <*> file <*>,"['blk_-4874221912376522221', '/mnt/hadoop/dfs/data/current/subdir57/blk_-4874221912376522221']"
11074393,81111,110508,19,INFO,dfs.FSDataset,Deleting block blk_-3933045066033346705 file /mnt/hadoop/dfs/data/current/subdir47/blk_-3933045066033346705,dba996ef,Deleting block <*> file <*>,"['blk_-3933045066033346705', '/mnt/hadoop/dfs/data/current/subdir47/blk_-3933045066033346705']"
11079092,81111,110515,19,INFO,dfs.FSDataset,Deleting block blk_-3412152778645593574 file /mnt/hadoop/dfs/data/current/subdir3/blk_-3412152778645593574,dba996ef,Deleting block <*> file <*>,"['blk_-3412152778645593574', '/mnt/hadoop/dfs/data/current/subdir3/blk_-3412152778645593574']"
11082022,81111,110518,19,INFO,dfs.FSDataset,Deleting block blk_-7888947928291510058 file /mnt/hadoop/dfs/data/current/subdir1/blk_-7888947928291510058,dba996ef,Deleting block <*> file <*>,"['blk_-7888947928291510058', '/mnt/hadoop/dfs/data/current/subdir1/blk_-7888947928291510058']"
11085549,81111,110522,19,INFO,dfs.FSDataset,Deleting block blk_-3933045066033346705 file /mnt/hadoop/dfs/data/current/subdir11/blk_-3933045066033346705,dba996ef,Deleting block <*> file <*>,"['blk_-3933045066033346705', '/mnt/hadoop/dfs/data/current/subdir11/blk_-3933045066033346705']"
11095237,81111,110530,19,INFO,dfs.FSDataset,Deleting block blk_-5937420590509100942 file /mnt/hadoop/dfs/data/current/subdir4/blk_-5937420590509100942,dba996ef,Deleting block <*> file <*>,"['blk_-5937420590509100942', '/mnt/hadoop/dfs/data/current/subdir4/blk_-5937420590509100942']"
11102351,81111,110535,19,INFO,dfs.FSDataset,Deleting block blk_-7888947928291510058 file /mnt/hadoop/dfs/data/current/subdir49/blk_-7888947928291510058,dba996ef,Deleting block <*> file <*>,"['blk_-7888947928291510058', '/mnt/hadoop/dfs/data/current/subdir49/blk_-7888947928291510058']"
11103094,81111,110536,19,INFO,dfs.FSDataset,Deleting block blk_-3336598818097526100 file /mnt/hadoop/dfs/data/current/subdir58/blk_-3336598818097526100,dba996ef,Deleting block <*> file <*>,"['blk_-3336598818097526100', '/mnt/hadoop/dfs/data/current/subdir58/blk_-3336598818097526100']"
11105116,81111,110537,19,INFO,dfs.FSDataset,Deleting block blk_-5937420590509100942 file /mnt/hadoop/dfs/data/current/subdir40/blk_-5937420590509100942,dba996ef,Deleting block <*> file <*>,"['blk_-5937420590509100942', '/mnt/hadoop/dfs/data/current/subdir40/blk_-5937420590509100942']"
11105408,81111,110537,19,INFO,dfs.FSDataset,Deleting block blk_-7888947928291510058 file /mnt/hadoop/dfs/data/current/subdir24/blk_-7888947928291510058,dba996ef,Deleting block <*> file <*>,"['blk_-7888947928291510058', '/mnt/hadoop/dfs/data/current/subdir24/blk_-7888947928291510058']"
11109117,81111,110540,19,INFO,dfs.FSDataset,Deleting block blk_-2425150099251724233 file /mnt/hadoop/dfs/data/current/subdir4/blk_-2425150099251724233,dba996ef,Deleting block <*> file <*>,"['blk_-2425150099251724233', '/mnt/hadoop/dfs/data/current/subdir4/blk_-2425150099251724233']"
11110944,81111,110541,19,INFO,dfs.FSDataset,Deleting block blk_-3412152778645593574 file /mnt/hadoop/dfs/data/current/subdir4/blk_-3412152778645593574,dba996ef,Deleting block <*> file <*>,"['blk_-3412152778645593574', '/mnt/hadoop/dfs/data/current/subdir4/blk_-3412152778645593574']"
11112582,81111,110542,19,INFO,dfs.FSDataset,Deleting block blk_-3336598818097526100 file /mnt/hadoop/dfs/data/current/subdir6/blk_-3336598818097526100,dba996ef,Deleting block <*> file <*>,"['blk_-3336598818097526100', '/mnt/hadoop/dfs/data/current/subdir6/blk_-3336598818097526100']"
11115893,81111,110544,19,INFO,dfs.FSDataset,Deleting block blk_-3336598818097526100 file /mnt/hadoop/dfs/data/current/subdir49/blk_-3336598818097526100,dba996ef,Deleting block <*> file <*>,"['blk_-3336598818097526100', '/mnt/hadoop/dfs/data/current/subdir49/blk_-3336598818097526100']"
11117738,81111,110545,19,INFO,dfs.FSDataset,Deleting block blk_-3933045066033346705 file /mnt/hadoop/dfs/data/current/subdir6/blk_-3933045066033346705,dba996ef,Deleting block <*> file <*>,"['blk_-3933045066033346705', '/mnt/hadoop/dfs/data/current/subdir6/blk_-3933045066033346705']"
11120479,81111,110547,18,INFO,dfs.FSDataset,Deleting block blk_-3412152778645593574 file /mnt/hadoop/dfs/data/current/subdir18/blk_-3412152778645593574,dba996ef,Deleting block <*> file <*>,"['blk_-3412152778645593574', '/mnt/hadoop/dfs/data/current/subdir18/blk_-3412152778645593574']"
11121469,81111,110547,19,INFO,dfs.FSDataset,Deleting block blk_-4874221912376522221 file /mnt/hadoop/dfs/data/current/subdir13/blk_-4874221912376522221,dba996ef,Deleting block <*> file <*>,"['blk_-4874221912376522221', '/mnt/hadoop/dfs/data/current/subdir13/blk_-4874221912376522221']"
11126792,81111,110550,19,INFO,dfs.FSDataset,Deleting block blk_5490487871975956217 file /mnt/hadoop/dfs/data/current/subdir53/blk_5490487871975956217,dba996ef,Deleting block <*> file <*>,"['blk_5490487871975956217', '/mnt/hadoop/dfs/data/current/subdir53/blk_5490487871975956217']"
11127353,81111,110550,19,INFO,dfs.FSDataset,Deleting block blk_912408673689755627 file /mnt/hadoop/dfs/data/current/subdir38/blk_912408673689755627,dba996ef,Deleting block <*> file <*>,"['blk_912408673689755627', '/mnt/hadoop/dfs/data/current/subdir38/blk_912408673689755627']"
11130556,81111,110552,19,INFO,dfs.FSDataset,Deleting block blk_7605900247967711125 file /mnt/hadoop/dfs/data/current/subdir21/blk_7605900247967711125,dba996ef,Deleting block <*> file <*>,"['blk_7605900247967711125', '/mnt/hadoop/dfs/data/current/subdir21/blk_7605900247967711125']"
11130693,81111,110552,19,INFO,dfs.FSDataset,Deleting block blk_8785180105282705781 file /mnt/hadoop/dfs/data/current/subdir55/blk_8785180105282705781,dba996ef,Deleting block <*> file <*>,"['blk_8785180105282705781', '/mnt/hadoop/dfs/data/current/subdir55/blk_8785180105282705781']"
11133921,81111,110554,19,INFO,dfs.FSDataset,Deleting block blk_8412684183626498427 file /mnt/hadoop/dfs/data/current/subdir20/blk_8412684183626498427,dba996ef,Deleting block <*> file <*>,"['blk_8412684183626498427', '/mnt/hadoop/dfs/data/current/subdir20/blk_8412684183626498427']"
11135424,81111,110555,19,INFO,dfs.FSDataset,Deleting block blk_7605900247967711125 file /mnt/hadoop/dfs/data/current/subdir4/blk_7605900247967711125,dba996ef,Deleting block <*> file <*>,"['blk_7605900247967711125', '/mnt/hadoop/dfs/data/current/subdir4/blk_7605900247967711125']"
11137149,81111,110556,19,INFO,dfs.FSDataset,Deleting block blk_912408673689755627 file /mnt/hadoop/dfs/data/current/subdir58/blk_912408673689755627,dba996ef,Deleting block <*> file <*>,"['blk_912408673689755627', '/mnt/hadoop/dfs/data/current/subdir58/blk_912408673689755627']"
11137969,81111,110557,19,INFO,dfs.FSDataset,Deleting block blk_4241158325143616218 file /mnt/hadoop/dfs/data/current/subdir4/blk_4241158325143616218,dba996ef,Deleting block <*> file <*>,"['blk_4241158325143616218', '/mnt/hadoop/dfs/data/current/subdir4/blk_4241158325143616218']"
11140278,81111,110559,18,INFO,dfs.FSDataset,Deleting block blk_-2425150099251724233 file /mnt/hadoop/dfs/data/current/subdir45/blk_-2425150099251724233,dba996ef,Deleting block <*> file <*>,"['blk_-2425150099251724233', '/mnt/hadoop/dfs/data/current/subdir45/blk_-2425150099251724233']"
11147734,81111,110604,19,INFO,dfs.FSDataset,Deleting block blk_-2425150099251724233 file /mnt/hadoop/dfs/data/current/subdir57/blk_-2425150099251724233,dba996ef,Deleting block <*> file <*>,"['blk_-2425150099251724233', '/mnt/hadoop/dfs/data/current/subdir57/blk_-2425150099251724233']"
11151791,81111,110607,19,INFO,dfs.FSDataset,Deleting block blk_4241158325143616218 file /mnt/hadoop/dfs/data/current/subdir26/blk_4241158325143616218,dba996ef,Deleting block <*> file <*>,"['blk_4241158325143616218', '/mnt/hadoop/dfs/data/current/subdir26/blk_4241158325143616218']"
11152089,81111,110607,19,INFO,dfs.FSDataset,Deleting block blk_6917617616907586847 file /mnt/hadoop/dfs/data/current/subdir25/blk_6917617616907586847,dba996ef,Deleting block <*> file <*>,"['blk_6917617616907586847', '/mnt/hadoop/dfs/data/current/subdir25/blk_6917617616907586847']"
11154024,81111,110609,19,INFO,dfs.FSDataset,Deleting block blk_4241158325143616218 file /mnt/hadoop/dfs/data/current/subdir57/blk_4241158325143616218,dba996ef,Deleting block <*> file <*>,"['blk_4241158325143616218', '/mnt/hadoop/dfs/data/current/subdir57/blk_4241158325143616218']"
11158307,81111,110613,19,INFO,dfs.FSDataset,Deleting block blk_5490487871975956217 file /mnt/hadoop/dfs/data/current/subdir48/blk_5490487871975956217,dba996ef,Deleting block <*> file <*>,"['blk_5490487871975956217', '/mnt/hadoop/dfs/data/current/subdir48/blk_5490487871975956217']"
11160417,81111,110615,19,INFO,dfs.FSDataset,Deleting block blk_6917617616907586847 file /mnt/hadoop/dfs/data/current/subdir15/blk_6917617616907586847,dba996ef,Deleting block <*> file <*>,"['blk_6917617616907586847', '/mnt/hadoop/dfs/data/current/subdir15/blk_6917617616907586847']"
11160616,81111,110615,19,INFO,dfs.FSDataset,Deleting block blk_912408673689755627 file /mnt/hadoop/dfs/data/current/subdir15/blk_912408673689755627,dba996ef,Deleting block <*> file <*>,"['blk_912408673689755627', '/mnt/hadoop/dfs/data/current/subdir15/blk_912408673689755627']"
11162213,81111,110617,19,INFO,dfs.FSDataset,Deleting block blk_6917617616907586847 file /mnt/hadoop/dfs/data/current/subdir54/blk_6917617616907586847,dba996ef,Deleting block <*> file <*>,"['blk_6917617616907586847', '/mnt/hadoop/dfs/data/current/subdir54/blk_6917617616907586847']"
11165040,81111,110620,19,INFO,dfs.FSDataset,Deleting block blk_9189873226828368093 file /mnt/hadoop/dfs/data/current/subdir13/blk_9189873226828368093,dba996ef,Deleting block <*> file <*>,"['blk_9189873226828368093', '/mnt/hadoop/dfs/data/current/subdir13/blk_9189873226828368093']"
11165591,81111,110621,19,INFO,dfs.FSDataset,Deleting block blk_7605900247967711125 file /mnt/hadoop/dfs/data/current/subdir45/blk_7605900247967711125,dba996ef,Deleting block <*> file <*>,"['blk_7605900247967711125', '/mnt/hadoop/dfs/data/current/subdir45/blk_7605900247967711125']"
11167825,81111,110624,19,INFO,dfs.FSDataset,Deleting block blk_8785180105282705781 file /mnt/hadoop/dfs/data/current/subdir40/blk_8785180105282705781,dba996ef,Deleting block <*> file <*>,"['blk_8785180105282705781', '/mnt/hadoop/dfs/data/current/subdir40/blk_8785180105282705781']"
11167880,81111,110624,19,INFO,dfs.FSDataset,Deleting block blk_9189873226828368093 file /mnt/hadoop/dfs/data/current/subdir31/blk_9189873226828368093,dba996ef,Deleting block <*> file <*>,"['blk_9189873226828368093', '/mnt/hadoop/dfs/data/current/subdir31/blk_9189873226828368093']"
11167954,81111,110625,18,INFO,dfs.FSDataset,Deleting block blk_8639448870700317090 file /mnt/hadoop/dfs/data/current/subdir18/blk_8639448870700317090,dba996ef,Deleting block <*> file <*>,"['blk_8639448870700317090', '/mnt/hadoop/dfs/data/current/subdir18/blk_8639448870700317090']"
11169005,81111,110626,19,INFO,dfs.FSDataset,Deleting block blk_8785180105282705781 file /mnt/hadoop/dfs/data/current/subdir8/blk_8785180105282705781,dba996ef,Deleting block <*> file <*>,"['blk_8785180105282705781', '/mnt/hadoop/dfs/data/current/subdir8/blk_8785180105282705781']"
11170009,81111,110628,19,INFO,dfs.FSDataset,Deleting block blk_8639448870700317090 file /mnt/hadoop/dfs/data/current/subdir60/blk_8639448870700317090,dba996ef,Deleting block <*> file <*>,"['blk_8639448870700317090', '/mnt/hadoop/dfs/data/current/subdir60/blk_8639448870700317090']"
11170241,81111,110629,19,INFO,dfs.FSDataset,Deleting block blk_5490487871975956217 file /mnt/hadoop/dfs/data/current/subdir52/blk_5490487871975956217,dba996ef,Deleting block <*> file <*>,"['blk_5490487871975956217', '/mnt/hadoop/dfs/data/current/subdir52/blk_5490487871975956217']"
11172128,81111,110633,19,INFO,dfs.FSDataset,Deleting block blk_8412684183626498427 file /mnt/hadoop/dfs/data/current/subdir16/blk_8412684183626498427,dba996ef,Deleting block <*> file <*>,"['blk_8412684183626498427', '/mnt/hadoop/dfs/data/current/subdir16/blk_8412684183626498427']"
11174094,81111,110640,19,INFO,dfs.FSDataset,Deleting block blk_8412684183626498427 file /mnt/hadoop/dfs/data/current/subdir34/blk_8412684183626498427,dba996ef,Deleting block <*> file <*>,"['blk_8412684183626498427', '/mnt/hadoop/dfs/data/current/subdir34/blk_8412684183626498427']"
11174622,81111,110646,18,INFO,dfs.FSDataset,Deleting block blk_9189873226828368093 file /mnt/hadoop/dfs/data/current/subdir25/blk_9189873226828368093,dba996ef,Deleting block <*> file <*>,"['blk_9189873226828368093', '/mnt/hadoop/dfs/data/current/subdir25/blk_9189873226828368093']"
